mode,sample_size,trial,signal_rate,unique_lanes_seen
uniform,10,0,0.2,1
constrained,10,0,1.0,5
uniform,10,1,0.5,4
constrained,10,1,1.0,6
uniform,10,2,0.1,1
constrained,10,2,1.0,6
uniform,10,3,0.3,3
constrained,10,3,1.0,6
uniform,10,4,0.2,2
constrained,10,4,1.0,5
uniform,10,5,0.3,2
constrained,10,5,1.0,7
uniform,10,6,0.4,4
constrained,10,6,1.0,6
uniform,10,7,0.4,3
constrained,10,7,1.0,6
uniform,10,8,0.0,0
constrained,10,8,1.0,4
uniform,10,9,0.1,1
constrained,10,9,1.0,7
uniform,10,10,0.3,3
constrained,10,10,1.0,6
uniform,10,11,0.3,2
constrained,10,11,1.0,7
uniform,10,12,0.1,1
constrained,10,12,1.0,5
uniform,10,13,0.2,2
constrained,10,13,1.0,5
uniform,10,14,0.3,3
constrained,10,14,1.0,8
uniform,10,15,0.2,1
constrained,10,15,1.0,6
uniform,10,16,0.6,5
constrained,10,16,1.0,7
uniform,10,17,0.4,3
constrained,10,17,1.0,5
uniform,10,18,0.1,1
constrained,10,18,1.0,8
uniform,10,19,0.4,4
constrained,10,19,1.0,5
uniform,10,20,0.4,3
constrained,10,20,1.0,7
uniform,10,21,0.2,2
constrained,10,21,1.0,6
uniform,10,22,0.3,3
constrained,10,22,1.0,6
uniform,10,23,0.2,2
constrained,10,23,1.0,6
uniform,10,24,0.2,2
constrained,10,24,1.0,5
uniform,10,25,0.3,2
constrained,10,25,1.0,6
uniform,10,26,0.3,2
constrained,10,26,1.0,6
uniform,10,27,0.3,3
constrained,10,27,1.0,6
uniform,10,28,0.1,1
constrained,10,28,1.0,6
uniform,10,29,0.4,3
constrained,10,29,1.0,7
uniform,10,30,0.1,1
constrained,10,30,1.0,5
uniform,10,31,0.2,2
constrained,10,31,1.0,7
uniform,10,32,0.5,3
constrained,10,32,1.0,6
uniform,10,33,0.2,2
constrained,10,33,1.0,6
uniform,10,34,0.5,4
constrained,10,34,1.0,5
uniform,10,35,0.1,1
constrained,10,35,1.0,6
uniform,10,36,0.1,1
constrained,10,36,1.0,6
uniform,10,37,0.2,2
constrained,10,37,1.0,6
uniform,10,38,0.2,2
constrained,10,38,1.0,5
uniform,10,39,0.1,1
constrained,10,39,1.0,7
uniform,10,40,0.7,4
constrained,10,40,1.0,5
uniform,10,41,0.2,2
constrained,10,41,1.0,5
uniform,10,42,0.3,3
constrained,10,42,1.0,7
uniform,10,43,0.4,3
constrained,10,43,1.0,6
uniform,10,44,0.5,3
constrained,10,44,1.0,7
uniform,10,45,0.2,2
constrained,10,45,1.0,6
uniform,10,46,0.1,1
constrained,10,46,1.0,7
uniform,10,47,0.2,2
constrained,10,47,1.0,6
uniform,10,48,0.2,1
constrained,10,48,1.0,6
uniform,10,49,0.3,2
constrained,10,49,1.0,5
uniform,10,50,0.3,2
constrained,10,50,1.0,6
uniform,10,51,0.1,1
constrained,10,51,1.0,5
uniform,10,52,0.2,2
constrained,10,52,1.0,7
uniform,10,53,0.3,2
constrained,10,53,1.0,5
uniform,10,54,0.2,2
constrained,10,54,1.0,5
uniform,10,55,0.1,1
constrained,10,55,1.0,7
uniform,10,56,0.3,3
constrained,10,56,1.0,7
uniform,10,57,0.3,3
constrained,10,57,1.0,6
uniform,10,58,0.2,2
constrained,10,58,1.0,5
uniform,10,59,0.5,4
constrained,10,59,1.0,5
uniform,10,60,0.3,3
constrained,10,60,1.0,6
uniform,10,61,0.2,2
constrained,10,61,1.0,6
uniform,10,62,0.1,1
constrained,10,62,1.0,6
uniform,10,63,0.2,2
constrained,10,63,1.0,6
uniform,10,64,0.1,1
constrained,10,64,1.0,7
uniform,10,65,0.3,3
constrained,10,65,1.0,6
uniform,10,66,0.3,3
constrained,10,66,1.0,5
uniform,10,67,0.1,1
constrained,10,67,1.0,7
uniform,10,68,0.2,2
constrained,10,68,1.0,6
uniform,10,69,0.0,0
constrained,10,69,1.0,5
uniform,10,70,0.2,2
constrained,10,70,1.0,6
uniform,10,71,0.5,4
constrained,10,71,1.0,8
uniform,10,72,0.2,1
constrained,10,72,1.0,5
uniform,10,73,0.0,0
constrained,10,73,1.0,6
uniform,10,74,0.1,1
constrained,10,74,1.0,6
uniform,10,75,0.3,3
constrained,10,75,1.0,6
uniform,10,76,0.3,3
constrained,10,76,1.0,5
uniform,10,77,0.2,2
constrained,10,77,1.0,5
uniform,10,78,0.0,0
constrained,10,78,1.0,6
uniform,10,79,0.1,1
constrained,10,79,1.0,5
uniform,10,80,0.2,2
constrained,10,80,1.0,7
uniform,10,81,0.2,2
constrained,10,81,1.0,3
uniform,10,82,0.2,2
constrained,10,82,1.0,7
uniform,10,83,0.1,1
constrained,10,83,1.0,5
uniform,10,84,0.3,3
constrained,10,84,1.0,6
uniform,10,85,0.4,3
constrained,10,85,1.0,6
uniform,10,86,0.3,3
constrained,10,86,1.0,5
uniform,10,87,0.6,5
constrained,10,87,1.0,6
uniform,10,88,0.3,2
constrained,10,88,1.0,5
uniform,10,89,0.3,3
constrained,10,89,1.0,6
uniform,10,90,0.4,3
constrained,10,90,1.0,6
uniform,10,91,0.3,3
constrained,10,91,1.0,7
uniform,10,92,0.4,2
constrained,10,92,1.0,7
uniform,10,93,0.5,3
constrained,10,93,1.0,5
uniform,10,94,0.4,4
constrained,10,94,1.0,5
uniform,10,95,0.3,3
constrained,10,95,1.0,5
uniform,10,96,0.4,2
constrained,10,96,1.0,5
uniform,10,97,0.4,3
constrained,10,97,1.0,6
uniform,10,98,0.4,3
constrained,10,98,1.0,7
uniform,10,99,0.1,1
constrained,10,99,1.0,5
uniform,10,100,0.1,1
constrained,10,100,1.0,4
uniform,10,101,0.3,1
constrained,10,101,1.0,6
uniform,10,102,0.2,2
constrained,10,102,1.0,6
uniform,10,103,0.0,0
constrained,10,103,1.0,7
uniform,10,104,0.3,3
constrained,10,104,1.0,6
uniform,10,105,0.3,2
constrained,10,105,1.0,6
uniform,10,106,0.1,1
constrained,10,106,1.0,5
uniform,10,107,0.3,2
constrained,10,107,1.0,6
uniform,10,108,0.5,3
constrained,10,108,1.0,6
uniform,10,109,0.4,4
constrained,10,109,1.0,7
uniform,10,110,0.1,1
constrained,10,110,1.0,7
uniform,10,111,0.4,2
constrained,10,111,1.0,5
uniform,10,112,0.4,3
constrained,10,112,1.0,6
uniform,10,113,0.3,3
constrained,10,113,1.0,4
uniform,10,114,0.3,2
constrained,10,114,1.0,5
uniform,10,115,0.1,1
constrained,10,115,1.0,8
uniform,10,116,0.1,1
constrained,10,116,1.0,7
uniform,10,117,0.4,3
constrained,10,117,1.0,7
uniform,10,118,0.6,5
constrained,10,118,1.0,5
uniform,10,119,0.5,4
constrained,10,119,1.0,8
uniform,10,120,0.1,1
constrained,10,120,1.0,5
uniform,10,121,0.2,1
constrained,10,121,1.0,7
uniform,10,122,0.2,2
constrained,10,122,1.0,6
uniform,10,123,0.3,3
constrained,10,123,1.0,6
uniform,10,124,0.4,3
constrained,10,124,1.0,6
uniform,10,125,0.1,1
constrained,10,125,1.0,8
uniform,10,126,0.2,2
constrained,10,126,1.0,7
uniform,10,127,0.4,4
constrained,10,127,1.0,6
uniform,10,128,0.4,4
constrained,10,128,1.0,5
uniform,10,129,0.1,1
constrained,10,129,1.0,6
uniform,10,130,0.4,3
constrained,10,130,1.0,5
uniform,10,131,0.3,3
constrained,10,131,1.0,8
uniform,10,132,0.3,3
constrained,10,132,1.0,7
uniform,10,133,0.3,2
constrained,10,133,1.0,8
uniform,10,134,0.3,3
constrained,10,134,1.0,4
uniform,10,135,0.2,2
constrained,10,135,1.0,6
uniform,10,136,0.1,1
constrained,10,136,1.0,5
uniform,10,137,0.2,2
constrained,10,137,1.0,6
uniform,10,138,0.2,2
constrained,10,138,1.0,5
uniform,10,139,0.3,3
constrained,10,139,1.0,6
uniform,10,140,0.2,2
constrained,10,140,1.0,6
uniform,10,141,0.0,0
constrained,10,141,1.0,6
uniform,10,142,0.2,2
constrained,10,142,1.0,5
uniform,10,143,0.6,5
constrained,10,143,1.0,7
uniform,10,144,0.3,3
constrained,10,144,1.0,6
uniform,10,145,0.4,4
constrained,10,145,1.0,5
uniform,10,146,0.4,4
constrained,10,146,1.0,6
uniform,10,147,0.2,2
constrained,10,147,1.0,5
uniform,10,148,0.3,3
constrained,10,148,1.0,7
uniform,10,149,0.4,4
constrained,10,149,1.0,6
uniform,10,150,0.2,2
constrained,10,150,1.0,6
uniform,10,151,0.1,1
constrained,10,151,1.0,6
uniform,10,152,0.1,1
constrained,10,152,1.0,6
uniform,10,153,0.4,2
constrained,10,153,1.0,7
uniform,10,154,0.0,0
constrained,10,154,1.0,5
uniform,10,155,0.4,3
constrained,10,155,1.0,5
uniform,10,156,0.1,1
constrained,10,156,1.0,6
uniform,10,157,0.1,1
constrained,10,157,1.0,5
uniform,10,158,0.5,4
constrained,10,158,1.0,7
uniform,10,159,0.1,1
constrained,10,159,1.0,6
uniform,10,160,0.0,0
constrained,10,160,1.0,6
uniform,10,161,0.6,6
constrained,10,161,1.0,7
uniform,10,162,0.2,2
constrained,10,162,1.0,6
uniform,10,163,0.3,2
constrained,10,163,1.0,6
uniform,10,164,0.2,2
constrained,10,164,1.0,7
uniform,10,165,0.3,3
constrained,10,165,1.0,7
uniform,10,166,0.3,3
constrained,10,166,1.0,7
uniform,10,167,0.4,3
constrained,10,167,1.0,5
uniform,10,168,0.3,3
constrained,10,168,1.0,6
uniform,10,169,0.3,3
constrained,10,169,1.0,7
uniform,10,170,0.1,1
constrained,10,170,1.0,6
uniform,10,171,0.2,2
constrained,10,171,1.0,6
uniform,10,172,0.3,3
constrained,10,172,1.0,7
uniform,10,173,0.1,1
constrained,10,173,1.0,6
uniform,10,174,0.1,1
constrained,10,174,1.0,6
uniform,10,175,0.2,2
constrained,10,175,1.0,4
uniform,10,176,0.2,2
constrained,10,176,1.0,7
uniform,10,177,0.4,3
constrained,10,177,1.0,5
uniform,10,178,0.2,2
constrained,10,178,1.0,6
uniform,10,179,0.2,2
constrained,10,179,1.0,6
uniform,10,180,0.5,4
constrained,10,180,1.0,7
uniform,10,181,0.3,3
constrained,10,181,1.0,6
uniform,10,182,0.4,3
constrained,10,182,1.0,6
uniform,10,183,0.2,1
constrained,10,183,1.0,6
uniform,10,184,0.3,3
constrained,10,184,1.0,5
uniform,10,185,0.4,3
constrained,10,185,1.0,6
uniform,10,186,0.5,5
constrained,10,186,1.0,5
uniform,10,187,0.3,3
constrained,10,187,1.0,6
uniform,10,188,0.1,1
constrained,10,188,1.0,5
uniform,10,189,0.2,2
constrained,10,189,1.0,6
uniform,10,190,0.0,0
constrained,10,190,1.0,6
uniform,10,191,0.3,3
constrained,10,191,1.0,6
uniform,10,192,0.0,0
constrained,10,192,1.0,7
uniform,10,193,0.3,3
constrained,10,193,1.0,7
uniform,10,194,0.3,3
constrained,10,194,1.0,5
uniform,10,195,0.1,1
constrained,10,195,1.0,7
uniform,10,196,0.4,4
constrained,10,196,1.0,6
uniform,10,197,0.2,2
constrained,10,197,1.0,5
uniform,10,198,0.3,3
constrained,10,198,1.0,6
uniform,10,199,0.2,2
constrained,10,199,1.0,6
uniform,25,0,0.32,6
constrained,25,0,1.0,7
uniform,25,1,0.12,3
constrained,25,1,1.0,8
uniform,25,2,0.08,2
constrained,25,2,1.0,8
uniform,25,3,0.4,7
constrained,25,3,1.0,8
uniform,25,4,0.2,5
constrained,25,4,1.0,8
uniform,25,5,0.32,4
constrained,25,5,1.0,8
uniform,25,6,0.24,5
constrained,25,6,1.0,8
uniform,25,7,0.24,4
constrained,25,7,1.0,8
uniform,25,8,0.08,2
constrained,25,8,1.0,8
uniform,25,9,0.36,5
constrained,25,9,1.0,7
uniform,25,10,0.2,4
constrained,25,10,1.0,8
uniform,25,11,0.36,6
constrained,25,11,1.0,7
uniform,25,12,0.28,4
constrained,25,12,1.0,8
uniform,25,13,0.08,2
constrained,25,13,1.0,7
uniform,25,14,0.24,4
constrained,25,14,1.0,8
uniform,25,15,0.32,5
constrained,25,15,1.0,8
uniform,25,16,0.2,4
constrained,25,16,1.0,7
uniform,25,17,0.32,4
constrained,25,17,1.0,8
uniform,25,18,0.28,4
constrained,25,18,1.0,8
uniform,25,19,0.28,4
constrained,25,19,1.0,8
uniform,25,20,0.16,3
constrained,25,20,1.0,8
uniform,25,21,0.28,4
constrained,25,21,1.0,7
uniform,25,22,0.4,6
constrained,25,22,1.0,8
uniform,25,23,0.36,5
constrained,25,23,1.0,8
uniform,25,24,0.12,3
constrained,25,24,1.0,7
uniform,25,25,0.32,4
constrained,25,25,1.0,8
uniform,25,26,0.2,5
constrained,25,26,1.0,8
uniform,25,27,0.32,6
constrained,25,27,1.0,8
uniform,25,28,0.32,5
constrained,25,28,1.0,7
uniform,25,29,0.2,3
constrained,25,29,1.0,7
uniform,25,30,0.32,5
constrained,25,30,1.0,8
uniform,25,31,0.2,4
constrained,25,31,1.0,8
uniform,25,32,0.32,6
constrained,25,32,1.0,8
uniform,25,33,0.16,3
constrained,25,33,1.0,7
uniform,25,34,0.32,5
constrained,25,34,1.0,8
uniform,25,35,0.32,5
constrained,25,35,1.0,7
uniform,25,36,0.16,3
constrained,25,36,1.0,8
uniform,25,37,0.4,4
constrained,25,37,1.0,8
uniform,25,38,0.36,7
constrained,25,38,1.0,8
uniform,25,39,0.12,3
constrained,25,39,1.0,7
uniform,25,40,0.16,4
constrained,25,40,1.0,8
uniform,25,41,0.24,4
constrained,25,41,1.0,8
uniform,25,42,0.28,6
constrained,25,42,1.0,8
uniform,25,43,0.2,4
constrained,25,43,1.0,8
uniform,25,44,0.2,4
constrained,25,44,1.0,8
uniform,25,45,0.24,5
constrained,25,45,1.0,8
uniform,25,46,0.32,6
constrained,25,46,1.0,8
uniform,25,47,0.32,5
constrained,25,47,1.0,8
uniform,25,48,0.28,5
constrained,25,48,1.0,8
uniform,25,49,0.28,6
constrained,25,49,1.0,8
uniform,25,50,0.16,3
constrained,25,50,1.0,8
uniform,25,51,0.48,5
constrained,25,51,1.0,8
uniform,25,52,0.16,3
constrained,25,52,1.0,8
uniform,25,53,0.24,5
constrained,25,53,1.0,8
uniform,25,54,0.28,4
constrained,25,54,1.0,8
uniform,25,55,0.32,5
constrained,25,55,1.0,8
uniform,25,56,0.24,3
constrained,25,56,1.0,7
uniform,25,57,0.36,5
constrained,25,57,1.0,8
uniform,25,58,0.28,5
constrained,25,58,1.0,8
uniform,25,59,0.24,4
constrained,25,59,1.0,8
uniform,25,60,0.24,5
constrained,25,60,1.0,8
uniform,25,61,0.52,8
constrained,25,61,1.0,7
uniform,25,62,0.16,4
constrained,25,62,1.0,7
uniform,25,63,0.28,4
constrained,25,63,1.0,8
uniform,25,64,0.24,6
constrained,25,64,1.0,8
uniform,25,65,0.32,4
constrained,25,65,1.0,8
uniform,25,66,0.36,5
constrained,25,66,1.0,6
uniform,25,67,0.32,4
constrained,25,67,1.0,8
uniform,25,68,0.24,5
constrained,25,68,1.0,8
uniform,25,69,0.24,4
constrained,25,69,1.0,8
uniform,25,70,0.28,5
constrained,25,70,1.0,8
uniform,25,71,0.28,5
constrained,25,71,1.0,8
uniform,25,72,0.36,5
constrained,25,72,1.0,8
uniform,25,73,0.12,2
constrained,25,73,1.0,8
uniform,25,74,0.36,5
constrained,25,74,1.0,8
uniform,25,75,0.28,5
constrained,25,75,1.0,8
uniform,25,76,0.24,3
constrained,25,76,1.0,8
uniform,25,77,0.24,5
constrained,25,77,1.0,8
uniform,25,78,0.48,6
constrained,25,78,1.0,8
uniform,25,79,0.16,3
constrained,25,79,1.0,8
uniform,25,80,0.2,5
constrained,25,80,1.0,8
uniform,25,81,0.32,5
constrained,25,81,1.0,8
uniform,25,82,0.32,6
constrained,25,82,1.0,8
uniform,25,83,0.2,4
constrained,25,83,1.0,8
uniform,25,84,0.24,5
constrained,25,84,1.0,7
uniform,25,85,0.16,3
constrained,25,85,1.0,8
uniform,25,86,0.4,6
constrained,25,86,1.0,8
uniform,25,87,0.16,4
constrained,25,87,1.0,8
uniform,25,88,0.16,3
constrained,25,88,1.0,8
uniform,25,89,0.28,4
constrained,25,89,1.0,8
uniform,25,90,0.12,2
constrained,25,90,1.0,7
uniform,25,91,0.36,7
constrained,25,91,1.0,6
uniform,25,92,0.32,6
constrained,25,92,1.0,8
uniform,25,93,0.4,5
constrained,25,93,1.0,8
uniform,25,94,0.32,6
constrained,25,94,1.0,8
uniform,25,95,0.16,3
constrained,25,95,1.0,8
uniform,25,96,0.28,5
constrained,25,96,1.0,7
uniform,25,97,0.36,5
constrained,25,97,1.0,8
uniform,25,98,0.44,5
constrained,25,98,1.0,8
uniform,25,99,0.4,5
constrained,25,99,1.0,8
uniform,25,100,0.2,4
constrained,25,100,1.0,7
uniform,25,101,0.32,6
constrained,25,101,1.0,8
uniform,25,102,0.24,5
constrained,25,102,1.0,8
uniform,25,103,0.32,4
constrained,25,103,1.0,7
uniform,25,104,0.28,5
constrained,25,104,1.0,7
uniform,25,105,0.28,6
constrained,25,105,1.0,8
uniform,25,106,0.2,4
constrained,25,106,1.0,8
uniform,25,107,0.24,5
constrained,25,107,1.0,7
uniform,25,108,0.36,5
constrained,25,108,1.0,8
uniform,25,109,0.16,2
constrained,25,109,1.0,8
uniform,25,110,0.2,5
constrained,25,110,1.0,7
uniform,25,111,0.12,3
constrained,25,111,1.0,8
uniform,25,112,0.24,4
constrained,25,112,1.0,8
uniform,25,113,0.16,3
constrained,25,113,1.0,8
uniform,25,114,0.24,4
constrained,25,114,1.0,8
uniform,25,115,0.36,6
constrained,25,115,1.0,7
uniform,25,116,0.4,6
constrained,25,116,1.0,8
uniform,25,117,0.16,3
constrained,25,117,1.0,8
uniform,25,118,0.32,5
constrained,25,118,1.0,8
uniform,25,119,0.32,5
constrained,25,119,1.0,8
uniform,25,120,0.32,5
constrained,25,120,1.0,8
uniform,25,121,0.2,4
constrained,25,121,1.0,7
uniform,25,122,0.28,5
constrained,25,122,1.0,8
uniform,25,123,0.36,5
constrained,25,123,1.0,7
uniform,25,124,0.4,5
constrained,25,124,1.0,8
uniform,25,125,0.32,5
constrained,25,125,1.0,7
uniform,25,126,0.2,3
constrained,25,126,1.0,7
uniform,25,127,0.28,4
constrained,25,127,1.0,8
uniform,25,128,0.28,6
constrained,25,128,1.0,8
uniform,25,129,0.24,5
constrained,25,129,1.0,7
uniform,25,130,0.32,5
constrained,25,130,1.0,7
uniform,25,131,0.28,5
constrained,25,131,1.0,8
uniform,25,132,0.24,4
constrained,25,132,1.0,8
uniform,25,133,0.16,4
constrained,25,133,1.0,8
uniform,25,134,0.24,5
constrained,25,134,1.0,8
uniform,25,135,0.2,4
constrained,25,135,1.0,8
uniform,25,136,0.24,5
constrained,25,136,1.0,8
uniform,25,137,0.24,4
constrained,25,137,1.0,7
uniform,25,138,0.24,4
constrained,25,138,1.0,8
uniform,25,139,0.12,3
constrained,25,139,1.0,8
uniform,25,140,0.24,4
constrained,25,140,1.0,7
uniform,25,141,0.12,3
constrained,25,141,1.0,7
uniform,25,142,0.28,5
constrained,25,142,1.0,8
uniform,25,143,0.28,4
constrained,25,143,1.0,7
uniform,25,144,0.28,4
constrained,25,144,1.0,8
uniform,25,145,0.32,6
constrained,25,145,1.0,8
uniform,25,146,0.24,4
constrained,25,146,1.0,8
uniform,25,147,0.12,2
constrained,25,147,1.0,7
uniform,25,148,0.2,5
constrained,25,148,1.0,8
uniform,25,149,0.2,4
constrained,25,149,1.0,7
uniform,25,150,0.32,4
constrained,25,150,1.0,8
uniform,25,151,0.52,6
constrained,25,151,1.0,7
uniform,25,152,0.28,4
constrained,25,152,1.0,7
uniform,25,153,0.36,6
constrained,25,153,1.0,8
uniform,25,154,0.2,4
constrained,25,154,1.0,8
uniform,25,155,0.36,6
constrained,25,155,1.0,7
uniform,25,156,0.4,5
constrained,25,156,1.0,8
uniform,25,157,0.2,4
constrained,25,157,1.0,7
uniform,25,158,0.28,5
constrained,25,158,1.0,8
uniform,25,159,0.24,6
constrained,25,159,1.0,7
uniform,25,160,0.36,6
constrained,25,160,1.0,8
uniform,25,161,0.24,5
constrained,25,161,1.0,8
uniform,25,162,0.2,3
constrained,25,162,1.0,8
uniform,25,163,0.2,5
constrained,25,163,1.0,7
uniform,25,164,0.12,3
constrained,25,164,1.0,8
uniform,25,165,0.16,3
constrained,25,165,1.0,8
uniform,25,166,0.28,4
constrained,25,166,1.0,8
uniform,25,167,0.2,3
constrained,25,167,1.0,7
uniform,25,168,0.28,6
constrained,25,168,1.0,8
uniform,25,169,0.4,5
constrained,25,169,1.0,7
uniform,25,170,0.32,5
constrained,25,170,1.0,8
uniform,25,171,0.28,5
constrained,25,171,1.0,8
uniform,25,172,0.36,5
constrained,25,172,1.0,8
uniform,25,173,0.32,5
constrained,25,173,1.0,8
uniform,25,174,0.28,5
constrained,25,174,1.0,8
uniform,25,175,0.24,3
constrained,25,175,1.0,8
uniform,25,176,0.2,4
constrained,25,176,1.0,7
uniform,25,177,0.36,6
constrained,25,177,1.0,7
uniform,25,178,0.2,4
constrained,25,178,1.0,8
uniform,25,179,0.36,4
constrained,25,179,1.0,8
uniform,25,180,0.28,6
constrained,25,180,1.0,8
uniform,25,181,0.32,6
constrained,25,181,1.0,7
uniform,25,182,0.28,5
constrained,25,182,1.0,8
uniform,25,183,0.24,4
constrained,25,183,1.0,7
uniform,25,184,0.28,5
constrained,25,184,1.0,8
uniform,25,185,0.32,5
constrained,25,185,1.0,8
uniform,25,186,0.28,6
constrained,25,186,1.0,6
uniform,25,187,0.36,5
constrained,25,187,1.0,7
uniform,25,188,0.2,3
constrained,25,188,1.0,8
uniform,25,189,0.24,4
constrained,25,189,1.0,7
uniform,25,190,0.32,5
constrained,25,190,1.0,8
uniform,25,191,0.28,5
constrained,25,191,1.0,8
uniform,25,192,0.2,3
constrained,25,192,1.0,8
uniform,25,193,0.2,4
constrained,25,193,1.0,8
uniform,25,194,0.28,5
constrained,25,194,1.0,8
uniform,25,195,0.24,3
constrained,25,195,1.0,8
uniform,25,196,0.36,6
constrained,25,196,1.0,7
uniform,25,197,0.16,3
constrained,25,197,1.0,8
uniform,25,198,0.24,5
constrained,25,198,1.0,8
uniform,25,199,0.28,5
constrained,25,199,1.0,8
uniform,50,0,0.22,5
constrained,50,0,1.0,8
uniform,50,1,0.18,3
constrained,50,1,1.0,8
uniform,50,2,0.38,7
constrained,50,2,1.0,7
uniform,50,3,0.34,7
constrained,50,3,1.0,8
uniform,50,4,0.28,6
constrained,50,4,1.0,8
uniform,50,5,0.26,5
constrained,50,5,1.0,8
uniform,50,6,0.16,6
constrained,50,6,1.0,8
uniform,50,7,0.32,8
constrained,50,7,1.0,8
uniform,50,8,0.36,8
constrained,50,8,1.0,8
uniform,50,9,0.2,5
constrained,50,9,1.0,8
uniform,50,10,0.22,4
constrained,50,10,1.0,8
uniform,50,11,0.28,8
constrained,50,11,1.0,8
uniform,50,12,0.32,7
constrained,50,12,1.0,8
uniform,50,13,0.3,7
constrained,50,13,1.0,8
uniform,50,14,0.22,6
constrained,50,14,1.0,8
uniform,50,15,0.3,8
constrained,50,15,1.0,8
uniform,50,16,0.4,7
constrained,50,16,1.0,8
uniform,50,17,0.24,4
constrained,50,17,1.0,8
uniform,50,18,0.22,6
constrained,50,18,1.0,8
uniform,50,19,0.2,8
constrained,50,19,1.0,8
uniform,50,20,0.22,7
constrained,50,20,1.0,8
uniform,50,21,0.36,7
constrained,50,21,1.0,8
uniform,50,22,0.36,7
constrained,50,22,1.0,8
uniform,50,23,0.28,7
constrained,50,23,1.0,8
uniform,50,24,0.22,6
constrained,50,24,1.0,8
uniform,50,25,0.36,6
constrained,50,25,1.0,8
uniform,50,26,0.3,5
constrained,50,26,1.0,8
uniform,50,27,0.22,6
constrained,50,27,1.0,8
uniform,50,28,0.2,7
constrained,50,28,1.0,8
uniform,50,29,0.24,5
constrained,50,29,1.0,8
uniform,50,30,0.18,7
constrained,50,30,1.0,8
uniform,50,31,0.28,7
constrained,50,31,1.0,8
uniform,50,32,0.22,5
constrained,50,32,1.0,8
uniform,50,33,0.18,7
constrained,50,33,1.0,8
uniform,50,34,0.32,6
constrained,50,34,1.0,8
uniform,50,35,0.26,8
constrained,50,35,1.0,8
uniform,50,36,0.3,8
constrained,50,36,1.0,8
uniform,50,37,0.32,7
constrained,50,37,1.0,8
uniform,50,38,0.28,6
constrained,50,38,1.0,8
uniform,50,39,0.3,8
constrained,50,39,1.0,8
uniform,50,40,0.18,6
constrained,50,40,1.0,8
uniform,50,41,0.28,7
constrained,50,41,1.0,8
uniform,50,42,0.24,7
constrained,50,42,1.0,8
uniform,50,43,0.34,7
constrained,50,43,1.0,8
uniform,50,44,0.16,5
constrained,50,44,1.0,8
uniform,50,45,0.32,7
constrained,50,45,1.0,8
uniform,50,46,0.26,8
constrained,50,46,1.0,8
uniform,50,47,0.28,6
constrained,50,47,1.0,8
uniform,50,48,0.18,6
constrained,50,48,1.0,8
uniform,50,49,0.2,6
constrained,50,49,1.0,8
uniform,50,50,0.24,6
constrained,50,50,1.0,8
uniform,50,51,0.26,4
constrained,50,51,1.0,8
uniform,50,52,0.26,6
constrained,50,52,1.0,8
uniform,50,53,0.44,8
constrained,50,53,1.0,8
uniform,50,54,0.28,6
constrained,50,54,1.0,8
uniform,50,55,0.24,8
constrained,50,55,1.0,8
uniform,50,56,0.32,7
constrained,50,56,1.0,8
uniform,50,57,0.4,8
constrained,50,57,1.0,8
uniform,50,58,0.18,6
constrained,50,58,1.0,8
uniform,50,59,0.26,7
constrained,50,59,1.0,8
uniform,50,60,0.22,6
constrained,50,60,1.0,8
uniform,50,61,0.34,8
constrained,50,61,1.0,8
uniform,50,62,0.26,6
constrained,50,62,1.0,8
uniform,50,63,0.26,7
constrained,50,63,1.0,8
uniform,50,64,0.2,5
constrained,50,64,1.0,8
uniform,50,65,0.32,8
constrained,50,65,1.0,8
uniform,50,66,0.36,7
constrained,50,66,1.0,8
uniform,50,67,0.24,7
constrained,50,67,1.0,8
uniform,50,68,0.3,8
constrained,50,68,1.0,8
uniform,50,69,0.34,7
constrained,50,69,1.0,8
uniform,50,70,0.24,8
constrained,50,70,1.0,8
uniform,50,71,0.34,8
constrained,50,71,1.0,7
uniform,50,72,0.22,6
constrained,50,72,1.0,8
uniform,50,73,0.24,6
constrained,50,73,1.0,8
uniform,50,74,0.22,7
constrained,50,74,1.0,8
uniform,50,75,0.3,7
constrained,50,75,1.0,8
uniform,50,76,0.24,6
constrained,50,76,1.0,8
uniform,50,77,0.34,7
constrained,50,77,1.0,8
uniform,50,78,0.2,5
constrained,50,78,1.0,8
uniform,50,79,0.26,4
constrained,50,79,1.0,8
uniform,50,80,0.26,8
constrained,50,80,1.0,8
uniform,50,81,0.42,8
constrained,50,81,1.0,8
uniform,50,82,0.24,5
constrained,50,82,1.0,8
uniform,50,83,0.26,7
constrained,50,83,1.0,8
uniform,50,84,0.28,8
constrained,50,84,1.0,8
uniform,50,85,0.22,7
constrained,50,85,1.0,8
uniform,50,86,0.24,7
constrained,50,86,1.0,8
uniform,50,87,0.24,7
constrained,50,87,1.0,8
uniform,50,88,0.26,6
constrained,50,88,1.0,8
uniform,50,89,0.26,6
constrained,50,89,1.0,8
uniform,50,90,0.32,7
constrained,50,90,1.0,8
uniform,50,91,0.26,6
constrained,50,91,1.0,8
uniform,50,92,0.3,6
constrained,50,92,1.0,8
uniform,50,93,0.28,8
constrained,50,93,1.0,8
uniform,50,94,0.3,8
constrained,50,94,1.0,8
uniform,50,95,0.32,8
constrained,50,95,1.0,8
uniform,50,96,0.24,6
constrained,50,96,1.0,8
uniform,50,97,0.24,8
constrained,50,97,1.0,8
uniform,50,98,0.26,6
constrained,50,98,1.0,8
uniform,50,99,0.28,8
constrained,50,99,1.0,8
uniform,50,100,0.4,6
constrained,50,100,1.0,8
uniform,50,101,0.38,8
constrained,50,101,1.0,8
uniform,50,102,0.36,7
constrained,50,102,1.0,8
uniform,50,103,0.28,8
constrained,50,103,1.0,8
uniform,50,104,0.18,5
constrained,50,104,1.0,8
uniform,50,105,0.16,6
constrained,50,105,1.0,8
uniform,50,106,0.28,8
constrained,50,106,1.0,8
uniform,50,107,0.26,6
constrained,50,107,1.0,8
uniform,50,108,0.32,8
constrained,50,108,1.0,8
uniform,50,109,0.28,8
constrained,50,109,1.0,8
uniform,50,110,0.4,8
constrained,50,110,1.0,8
uniform,50,111,0.36,8
constrained,50,111,1.0,8
uniform,50,112,0.18,3
constrained,50,112,1.0,8
uniform,50,113,0.32,8
constrained,50,113,1.0,8
uniform,50,114,0.36,8
constrained,50,114,1.0,8
uniform,50,115,0.18,5
constrained,50,115,1.0,8
uniform,50,116,0.28,7
constrained,50,116,1.0,8
uniform,50,117,0.26,6
constrained,50,117,1.0,8
uniform,50,118,0.2,7
constrained,50,118,1.0,8
uniform,50,119,0.34,8
constrained,50,119,1.0,8
uniform,50,120,0.16,4
constrained,50,120,1.0,7
uniform,50,121,0.32,7
constrained,50,121,1.0,8
uniform,50,122,0.26,6
constrained,50,122,1.0,8
uniform,50,123,0.28,7
constrained,50,123,1.0,8
uniform,50,124,0.2,6
constrained,50,124,1.0,8
uniform,50,125,0.32,6
constrained,50,125,1.0,8
uniform,50,126,0.3,7
constrained,50,126,1.0,8
uniform,50,127,0.28,6
constrained,50,127,1.0,8
uniform,50,128,0.2,6
constrained,50,128,1.0,8
uniform,50,129,0.18,5
constrained,50,129,1.0,8
uniform,50,130,0.28,7
constrained,50,130,1.0,8
uniform,50,131,0.24,7
constrained,50,131,1.0,8
uniform,50,132,0.34,8
constrained,50,132,1.0,8
uniform,50,133,0.24,7
constrained,50,133,1.0,8
uniform,50,134,0.32,8
constrained,50,134,1.0,8
uniform,50,135,0.28,7
constrained,50,135,1.0,8
uniform,50,136,0.3,7
constrained,50,136,1.0,8
uniform,50,137,0.28,6
constrained,50,137,1.0,8
uniform,50,138,0.24,6
constrained,50,138,1.0,8
uniform,50,139,0.2,7
constrained,50,139,1.0,8
uniform,50,140,0.38,8
constrained,50,140,1.0,8
uniform,50,141,0.36,8
constrained,50,141,1.0,8
uniform,50,142,0.26,7
constrained,50,142,1.0,8
uniform,50,143,0.28,8
constrained,50,143,1.0,8
uniform,50,144,0.34,8
constrained,50,144,1.0,8
uniform,50,145,0.26,6
constrained,50,145,1.0,8
uniform,50,146,0.22,5
constrained,50,146,1.0,7
uniform,50,147,0.18,6
constrained,50,147,1.0,8
uniform,50,148,0.22,6
constrained,50,148,1.0,8
uniform,50,149,0.2,6
constrained,50,149,1.0,8
uniform,50,150,0.18,5
constrained,50,150,1.0,8
uniform,50,151,0.22,6
constrained,50,151,1.0,8
uniform,50,152,0.4,8
constrained,50,152,1.0,8
uniform,50,153,0.24,7
constrained,50,153,1.0,8
uniform,50,154,0.3,8
constrained,50,154,1.0,8
uniform,50,155,0.2,5
constrained,50,155,1.0,8
uniform,50,156,0.32,6
constrained,50,156,1.0,8
uniform,50,157,0.34,7
constrained,50,157,1.0,8
uniform,50,158,0.2,7
constrained,50,158,1.0,8
uniform,50,159,0.2,6
constrained,50,159,1.0,8
uniform,50,160,0.26,5
constrained,50,160,1.0,7
uniform,50,161,0.3,6
constrained,50,161,1.0,8
uniform,50,162,0.2,7
constrained,50,162,1.0,8
uniform,50,163,0.3,7
constrained,50,163,1.0,8
uniform,50,164,0.24,6
constrained,50,164,1.0,8
uniform,50,165,0.22,6
constrained,50,165,1.0,8
uniform,50,166,0.22,6
constrained,50,166,1.0,8
uniform,50,167,0.28,7
constrained,50,167,1.0,8
uniform,50,168,0.26,4
constrained,50,168,1.0,8
uniform,50,169,0.18,6
constrained,50,169,1.0,8
uniform,50,170,0.28,7
constrained,50,170,1.0,8
uniform,50,171,0.3,6
constrained,50,171,1.0,8
uniform,50,172,0.38,8
constrained,50,172,1.0,8
uniform,50,173,0.24,6
constrained,50,173,1.0,8
uniform,50,174,0.24,6
constrained,50,174,1.0,8
uniform,50,175,0.2,6
constrained,50,175,1.0,8
uniform,50,176,0.18,7
constrained,50,176,1.0,8
uniform,50,177,0.3,7
constrained,50,177,1.0,8
uniform,50,178,0.32,6
constrained,50,178,1.0,8
uniform,50,179,0.3,7
constrained,50,179,1.0,8
uniform,50,180,0.32,7
constrained,50,180,1.0,8
uniform,50,181,0.2,4
constrained,50,181,1.0,8
uniform,50,182,0.2,4
constrained,50,182,1.0,8
uniform,50,183,0.2,8
constrained,50,183,1.0,8
uniform,50,184,0.28,5
constrained,50,184,1.0,8
uniform,50,185,0.3,8
constrained,50,185,1.0,8
uniform,50,186,0.38,7
constrained,50,186,1.0,8
uniform,50,187,0.32,5
constrained,50,187,1.0,8
uniform,50,188,0.26,7
constrained,50,188,1.0,8
uniform,50,189,0.28,7
constrained,50,189,1.0,8
uniform,50,190,0.26,6
constrained,50,190,1.0,8
uniform,50,191,0.38,7
constrained,50,191,1.0,8
uniform,50,192,0.36,8
constrained,50,192,1.0,8
uniform,50,193,0.18,5
constrained,50,193,1.0,8
uniform,50,194,0.34,8
constrained,50,194,1.0,8
uniform,50,195,0.28,7
constrained,50,195,1.0,8
uniform,50,196,0.24,7
constrained,50,196,1.0,8
uniform,50,197,0.28,7
constrained,50,197,1.0,8
uniform,50,198,0.2,6
constrained,50,198,1.0,8
uniform,50,199,0.22,7
constrained,50,199,1.0,8
uniform,100,0,0.23,8
constrained,100,0,1.0,8
uniform,100,1,0.29,8
constrained,100,1,1.0,8
uniform,100,2,0.19,8
constrained,100,2,1.0,8
uniform,100,3,0.26,7
constrained,100,3,1.0,8
uniform,100,4,0.31,8
constrained,100,4,1.0,8
uniform,100,5,0.2,8
constrained,100,5,1.0,8
uniform,100,6,0.33,8
constrained,100,6,1.0,8
uniform,100,7,0.34,7
constrained,100,7,1.0,8
uniform,100,8,0.26,8
constrained,100,8,1.0,8
uniform,100,9,0.31,8
constrained,100,9,1.0,8
uniform,100,10,0.29,7
constrained,100,10,1.0,8
uniform,100,11,0.24,8
constrained,100,11,1.0,8
uniform,100,12,0.19,7
constrained,100,12,1.0,8
uniform,100,13,0.28,8
constrained,100,13,1.0,8
uniform,100,14,0.33,8
constrained,100,14,1.0,8
uniform,100,15,0.3,6
constrained,100,15,1.0,8
uniform,100,16,0.27,8
constrained,100,16,1.0,8
uniform,100,17,0.26,8
constrained,100,17,1.0,8
uniform,100,18,0.25,8
constrained,100,18,1.0,8
uniform,100,19,0.25,8
constrained,100,19,1.0,8
uniform,100,20,0.29,8
constrained,100,20,1.0,8
uniform,100,21,0.26,8
constrained,100,21,1.0,8
uniform,100,22,0.23,8
constrained,100,22,1.0,8
uniform,100,23,0.19,7
constrained,100,23,1.0,8
uniform,100,24,0.21,7
constrained,100,24,1.0,8
uniform,100,25,0.25,7
constrained,100,25,1.0,8
uniform,100,26,0.23,8
constrained,100,26,1.0,8
uniform,100,27,0.26,8
constrained,100,27,1.0,8
uniform,100,28,0.33,8
constrained,100,28,1.0,8
uniform,100,29,0.23,8
constrained,100,29,1.0,8
uniform,100,30,0.37,7
constrained,100,30,1.0,8
uniform,100,31,0.19,7
constrained,100,31,1.0,8
uniform,100,32,0.31,8
constrained,100,32,1.0,8
uniform,100,33,0.27,8
constrained,100,33,1.0,8
uniform,100,34,0.28,8
constrained,100,34,1.0,8
uniform,100,35,0.21,7
constrained,100,35,1.0,8
uniform,100,36,0.26,8
constrained,100,36,1.0,8
uniform,100,37,0.24,8
constrained,100,37,1.0,8
uniform,100,38,0.29,8
constrained,100,38,1.0,8
uniform,100,39,0.33,8
constrained,100,39,1.0,8
uniform,100,40,0.24,8
constrained,100,40,1.0,8
uniform,100,41,0.32,7
constrained,100,41,1.0,8
uniform,100,42,0.2,7
constrained,100,42,1.0,8
uniform,100,43,0.22,8
constrained,100,43,1.0,8
uniform,100,44,0.27,8
constrained,100,44,1.0,8
uniform,100,45,0.22,8
constrained,100,45,1.0,8
uniform,100,46,0.22,7
constrained,100,46,1.0,8
uniform,100,47,0.3,7
constrained,100,47,1.0,8
uniform,100,48,0.2,7
constrained,100,48,1.0,8
uniform,100,49,0.27,8
constrained,100,49,1.0,8
uniform,100,50,0.34,8
constrained,100,50,1.0,8
uniform,100,51,0.27,8
constrained,100,51,1.0,8
uniform,100,52,0.24,8
constrained,100,52,1.0,8
uniform,100,53,0.3,8
constrained,100,53,1.0,8
uniform,100,54,0.24,8
constrained,100,54,1.0,8
uniform,100,55,0.24,7
constrained,100,55,1.0,8
uniform,100,56,0.27,8
constrained,100,56,1.0,8
uniform,100,57,0.27,8
constrained,100,57,1.0,8
uniform,100,58,0.27,8
constrained,100,58,1.0,8
uniform,100,59,0.27,8
constrained,100,59,1.0,8
uniform,100,60,0.32,8
constrained,100,60,1.0,8
uniform,100,61,0.25,7
constrained,100,61,1.0,8
uniform,100,62,0.26,8
constrained,100,62,1.0,8
uniform,100,63,0.25,7
constrained,100,63,1.0,8
uniform,100,64,0.3,8
constrained,100,64,1.0,8
uniform,100,65,0.25,7
constrained,100,65,1.0,8
uniform,100,66,0.25,8
constrained,100,66,1.0,8
uniform,100,67,0.3,8
constrained,100,67,1.0,8
uniform,100,68,0.27,8
constrained,100,68,1.0,8
uniform,100,69,0.19,8
constrained,100,69,1.0,8
uniform,100,70,0.27,8
constrained,100,70,1.0,8
uniform,100,71,0.33,8
constrained,100,71,1.0,8
uniform,100,72,0.26,8
constrained,100,72,1.0,8
uniform,100,73,0.29,8
constrained,100,73,1.0,8
uniform,100,74,0.2,7
constrained,100,74,1.0,8
uniform,100,75,0.3,8
constrained,100,75,1.0,8
uniform,100,76,0.24,8
constrained,100,76,1.0,8
uniform,100,77,0.2,8
constrained,100,77,1.0,8
uniform,100,78,0.3,8
constrained,100,78,1.0,8
uniform,100,79,0.24,8
constrained,100,79,1.0,8
uniform,100,80,0.29,8
constrained,100,80,1.0,8
uniform,100,81,0.21,7
constrained,100,81,1.0,8
uniform,100,82,0.28,8
constrained,100,82,1.0,8
uniform,100,83,0.35,8
constrained,100,83,1.0,8
uniform,100,84,0.28,7
constrained,100,84,1.0,8
uniform,100,85,0.22,8
constrained,100,85,1.0,8
uniform,100,86,0.26,8
constrained,100,86,1.0,8
uniform,100,87,0.25,8
constrained,100,87,1.0,8
uniform,100,88,0.26,8
constrained,100,88,1.0,8
uniform,100,89,0.3,8
constrained,100,89,1.0,8
uniform,100,90,0.23,8
constrained,100,90,1.0,8
uniform,100,91,0.31,8
constrained,100,91,1.0,8
uniform,100,92,0.26,8
constrained,100,92,1.0,8
uniform,100,93,0.21,8
constrained,100,93,1.0,8
uniform,100,94,0.27,8
constrained,100,94,1.0,8
uniform,100,95,0.18,7
constrained,100,95,1.0,8
uniform,100,96,0.29,8
constrained,100,96,1.0,8
uniform,100,97,0.29,8
constrained,100,97,1.0,8
uniform,100,98,0.23,7
constrained,100,98,1.0,8
uniform,100,99,0.31,7
constrained,100,99,1.0,8
uniform,100,100,0.25,8
constrained,100,100,1.0,8
uniform,100,101,0.23,8
constrained,100,101,1.0,8
uniform,100,102,0.26,8
constrained,100,102,1.0,8
uniform,100,103,0.23,8
constrained,100,103,1.0,8
uniform,100,104,0.27,8
constrained,100,104,1.0,8
uniform,100,105,0.2,8
constrained,100,105,1.0,8
uniform,100,106,0.29,7
constrained,100,106,1.0,8
uniform,100,107,0.27,8
constrained,100,107,1.0,8
uniform,100,108,0.25,8
constrained,100,108,1.0,8
uniform,100,109,0.22,8
constrained,100,109,1.0,8
uniform,100,110,0.3,8
constrained,100,110,1.0,8
uniform,100,111,0.31,8
constrained,100,111,1.0,8
uniform,100,112,0.19,8
constrained,100,112,1.0,8
uniform,100,113,0.26,8
constrained,100,113,1.0,8
uniform,100,114,0.26,7
constrained,100,114,1.0,8
uniform,100,115,0.23,8
constrained,100,115,1.0,8
uniform,100,116,0.21,8
constrained,100,116,1.0,8
uniform,100,117,0.26,8
constrained,100,117,1.0,8
uniform,100,118,0.18,8
constrained,100,118,1.0,8
uniform,100,119,0.27,8
constrained,100,119,1.0,8
uniform,100,120,0.22,8
constrained,100,120,1.0,8
uniform,100,121,0.28,8
constrained,100,121,1.0,8
uniform,100,122,0.32,8
constrained,100,122,1.0,8
uniform,100,123,0.24,7
constrained,100,123,1.0,8
uniform,100,124,0.21,8
constrained,100,124,1.0,8
uniform,100,125,0.27,8
constrained,100,125,1.0,8
uniform,100,126,0.24,8
constrained,100,126,1.0,8
uniform,100,127,0.3,8
constrained,100,127,1.0,8
uniform,100,128,0.35,8
constrained,100,128,1.0,8
uniform,100,129,0.21,8
constrained,100,129,1.0,8
uniform,100,130,0.29,8
constrained,100,130,1.0,8
uniform,100,131,0.29,8
constrained,100,131,1.0,8
uniform,100,132,0.22,8
constrained,100,132,1.0,8
uniform,100,133,0.27,7
constrained,100,133,1.0,8
uniform,100,134,0.3,7
constrained,100,134,1.0,8
uniform,100,135,0.23,8
constrained,100,135,1.0,8
uniform,100,136,0.28,8
constrained,100,136,1.0,8
uniform,100,137,0.32,8
constrained,100,137,1.0,8
uniform,100,138,0.19,7
constrained,100,138,1.0,8
uniform,100,139,0.16,7
constrained,100,139,1.0,8
uniform,100,140,0.25,7
constrained,100,140,1.0,8
uniform,100,141,0.33,8
constrained,100,141,1.0,8
uniform,100,142,0.2,7
constrained,100,142,1.0,8
uniform,100,143,0.18,8
constrained,100,143,1.0,8
uniform,100,144,0.3,8
constrained,100,144,1.0,8
uniform,100,145,0.31,8
constrained,100,145,1.0,8
uniform,100,146,0.33,8
constrained,100,146,1.0,8
uniform,100,147,0.28,8
constrained,100,147,1.0,8
uniform,100,148,0.3,8
constrained,100,148,1.0,8
uniform,100,149,0.23,8
constrained,100,149,1.0,8
uniform,100,150,0.27,8
constrained,100,150,1.0,8
uniform,100,151,0.27,7
constrained,100,151,1.0,8
uniform,100,152,0.27,7
constrained,100,152,1.0,8
uniform,100,153,0.29,8
constrained,100,153,1.0,8
uniform,100,154,0.29,8
constrained,100,154,1.0,8
uniform,100,155,0.17,6
constrained,100,155,1.0,8
uniform,100,156,0.26,8
constrained,100,156,1.0,8
uniform,100,157,0.35,8
constrained,100,157,1.0,8
uniform,100,158,0.36,8
constrained,100,158,1.0,8
uniform,100,159,0.27,7
constrained,100,159,1.0,8
uniform,100,160,0.26,8
constrained,100,160,1.0,8
uniform,100,161,0.36,8
constrained,100,161,1.0,8
uniform,100,162,0.23,7
constrained,100,162,1.0,8
uniform,100,163,0.28,8
constrained,100,163,1.0,8
uniform,100,164,0.25,8
constrained,100,164,1.0,8
uniform,100,165,0.29,6
constrained,100,165,1.0,8
uniform,100,166,0.23,8
constrained,100,166,1.0,8
uniform,100,167,0.26,8
constrained,100,167,1.0,8
uniform,100,168,0.28,7
constrained,100,168,1.0,8
uniform,100,169,0.26,8
constrained,100,169,1.0,8
uniform,100,170,0.2,7
constrained,100,170,1.0,8
uniform,100,171,0.24,8
constrained,100,171,1.0,8
uniform,100,172,0.28,8
constrained,100,172,1.0,8
uniform,100,173,0.22,8
constrained,100,173,1.0,8
uniform,100,174,0.31,8
constrained,100,174,1.0,8
uniform,100,175,0.25,8
constrained,100,175,1.0,8
uniform,100,176,0.23,8
constrained,100,176,1.0,8
uniform,100,177,0.24,8
constrained,100,177,1.0,8
uniform,100,178,0.23,8
constrained,100,178,1.0,8
uniform,100,179,0.24,8
constrained,100,179,1.0,8
uniform,100,180,0.27,8
constrained,100,180,1.0,8
uniform,100,181,0.24,8
constrained,100,181,1.0,8
uniform,100,182,0.29,8
constrained,100,182,1.0,8
uniform,100,183,0.25,8
constrained,100,183,1.0,8
uniform,100,184,0.26,6
constrained,100,184,1.0,8
uniform,100,185,0.24,8
constrained,100,185,1.0,8
uniform,100,186,0.27,8
constrained,100,186,1.0,8
uniform,100,187,0.24,7
constrained,100,187,1.0,8
uniform,100,188,0.27,8
constrained,100,188,1.0,8
uniform,100,189,0.27,8
constrained,100,189,1.0,8
uniform,100,190,0.37,8
constrained,100,190,1.0,8
uniform,100,191,0.24,8
constrained,100,191,1.0,8
uniform,100,192,0.28,8
constrained,100,192,1.0,8
uniform,100,193,0.26,7
constrained,100,193,1.0,8
uniform,100,194,0.27,8
constrained,100,194,1.0,8
uniform,100,195,0.27,7
constrained,100,195,1.0,8
uniform,100,196,0.33,8
constrained,100,196,1.0,8
uniform,100,197,0.29,8
constrained,100,197,1.0,8
uniform,100,198,0.19,7
constrained,100,198,1.0,8
uniform,100,199,0.24,8
constrained,100,199,1.0,8
uniform,250,0,0.264,8
constrained,250,0,1.0,8
uniform,250,1,0.244,8
constrained,250,1,1.0,8
uniform,250,2,0.292,8
constrained,250,2,1.0,8
uniform,250,3,0.26,8
constrained,250,3,1.0,8
uniform,250,4,0.264,8
constrained,250,4,1.0,8
uniform,250,5,0.252,8
constrained,250,5,1.0,8
uniform,250,6,0.284,8
constrained,250,6,1.0,8
uniform,250,7,0.24,8
constrained,250,7,1.0,8
uniform,250,8,0.288,8
constrained,250,8,1.0,8
uniform,250,9,0.24,8
constrained,250,9,1.0,8
uniform,250,10,0.268,8
constrained,250,10,1.0,8
uniform,250,11,0.256,8
constrained,250,11,1.0,8
uniform,250,12,0.276,8
constrained,250,12,1.0,8
uniform,250,13,0.256,8
constrained,250,13,1.0,8
uniform,250,14,0.236,8
constrained,250,14,1.0,8
uniform,250,15,0.248,8
constrained,250,15,1.0,8
uniform,250,16,0.264,8
constrained,250,16,1.0,8
uniform,250,17,0.284,8
constrained,250,17,1.0,8
uniform,250,18,0.236,8
constrained,250,18,1.0,8
uniform,250,19,0.304,8
constrained,250,19,1.0,8
uniform,250,20,0.316,8
constrained,250,20,1.0,8
uniform,250,21,0.284,8
constrained,250,21,1.0,8
uniform,250,22,0.244,8
constrained,250,22,1.0,8
uniform,250,23,0.268,8
constrained,250,23,1.0,8
uniform,250,24,0.24,8
constrained,250,24,1.0,8
uniform,250,25,0.228,8
constrained,250,25,1.0,8
uniform,250,26,0.272,8
constrained,250,26,1.0,8
uniform,250,27,0.224,8
constrained,250,27,1.0,8
uniform,250,28,0.268,8
constrained,250,28,1.0,8
uniform,250,29,0.26,8
constrained,250,29,1.0,8
uniform,250,30,0.292,8
constrained,250,30,1.0,8
uniform,250,31,0.284,8
constrained,250,31,1.0,8
uniform,250,32,0.256,8
constrained,250,32,1.0,8
uniform,250,33,0.232,8
constrained,250,33,1.0,8
uniform,250,34,0.228,8
constrained,250,34,1.0,8
uniform,250,35,0.264,8
constrained,250,35,1.0,8
uniform,250,36,0.32,8
constrained,250,36,1.0,8
uniform,250,37,0.244,8
constrained,250,37,1.0,8
uniform,250,38,0.22,8
constrained,250,38,1.0,8
uniform,250,39,0.28,8
constrained,250,39,1.0,8
uniform,250,40,0.228,8
constrained,250,40,1.0,8
uniform,250,41,0.236,8
constrained,250,41,1.0,8
uniform,250,42,0.26,8
constrained,250,42,1.0,8
uniform,250,43,0.24,8
constrained,250,43,1.0,8
uniform,250,44,0.232,8
constrained,250,44,1.0,8
uniform,250,45,0.236,8
constrained,250,45,1.0,8
uniform,250,46,0.284,8
constrained,250,46,1.0,8
uniform,250,47,0.304,8
constrained,250,47,1.0,8
uniform,250,48,0.296,8
constrained,250,48,1.0,8
uniform,250,49,0.26,8
constrained,250,49,1.0,8
uniform,250,50,0.276,8
constrained,250,50,1.0,8
uniform,250,51,0.26,8
constrained,250,51,1.0,8
uniform,250,52,0.212,8
constrained,250,52,1.0,8
uniform,250,53,0.248,8
constrained,250,53,1.0,8
uniform,250,54,0.256,8
constrained,250,54,1.0,8
uniform,250,55,0.252,8
constrained,250,55,1.0,8
uniform,250,56,0.232,8
constrained,250,56,1.0,8
uniform,250,57,0.232,8
constrained,250,57,1.0,8
uniform,250,58,0.268,8
constrained,250,58,1.0,8
uniform,250,59,0.224,8
constrained,250,59,1.0,8
uniform,250,60,0.332,8
constrained,250,60,1.0,8
uniform,250,61,0.232,8
constrained,250,61,1.0,8
uniform,250,62,0.28,8
constrained,250,62,1.0,8
uniform,250,63,0.26,8
constrained,250,63,1.0,8
uniform,250,64,0.28,8
constrained,250,64,1.0,8
uniform,250,65,0.228,8
constrained,250,65,1.0,8
uniform,250,66,0.248,8
constrained,250,66,1.0,8
uniform,250,67,0.252,8
constrained,250,67,1.0,8
uniform,250,68,0.268,8
constrained,250,68,1.0,8
uniform,250,69,0.288,8
constrained,250,69,1.0,8
uniform,250,70,0.256,8
constrained,250,70,1.0,8
uniform,250,71,0.264,8
constrained,250,71,1.0,8
uniform,250,72,0.296,8
constrained,250,72,1.0,8
uniform,250,73,0.284,8
constrained,250,73,1.0,8
uniform,250,74,0.284,8
constrained,250,74,1.0,8
uniform,250,75,0.244,8
constrained,250,75,1.0,8
uniform,250,76,0.272,8
constrained,250,76,1.0,8
uniform,250,77,0.288,8
constrained,250,77,1.0,8
uniform,250,78,0.236,8
constrained,250,78,1.0,8
uniform,250,79,0.26,8
constrained,250,79,1.0,8
uniform,250,80,0.236,8
constrained,250,80,1.0,8
uniform,250,81,0.304,8
constrained,250,81,1.0,8
uniform,250,82,0.248,8
constrained,250,82,1.0,8
uniform,250,83,0.276,8
constrained,250,83,1.0,8
uniform,250,84,0.252,8
constrained,250,84,1.0,8
uniform,250,85,0.284,8
constrained,250,85,1.0,8
uniform,250,86,0.3,8
constrained,250,86,1.0,8
uniform,250,87,0.256,8
constrained,250,87,1.0,8
uniform,250,88,0.304,8
constrained,250,88,1.0,8
uniform,250,89,0.26,8
constrained,250,89,1.0,8
uniform,250,90,0.252,8
constrained,250,90,1.0,8
uniform,250,91,0.296,7
constrained,250,91,1.0,8
uniform,250,92,0.284,8
constrained,250,92,1.0,8
uniform,250,93,0.268,8
constrained,250,93,1.0,8
uniform,250,94,0.284,8
constrained,250,94,1.0,8
uniform,250,95,0.264,8
constrained,250,95,1.0,8
uniform,250,96,0.232,8
constrained,250,96,1.0,8
uniform,250,97,0.264,8
constrained,250,97,1.0,8
uniform,250,98,0.284,8
constrained,250,98,1.0,8
uniform,250,99,0.244,8
constrained,250,99,1.0,8
uniform,250,100,0.264,8
constrained,250,100,1.0,8
uniform,250,101,0.268,8
constrained,250,101,1.0,8
uniform,250,102,0.284,8
constrained,250,102,1.0,8
uniform,250,103,0.32,8
constrained,250,103,1.0,8
uniform,250,104,0.244,8
constrained,250,104,1.0,8
uniform,250,105,0.288,8
constrained,250,105,1.0,8
uniform,250,106,0.232,8
constrained,250,106,1.0,8
uniform,250,107,0.304,8
constrained,250,107,1.0,8
uniform,250,108,0.284,8
constrained,250,108,1.0,8
uniform,250,109,0.256,8
constrained,250,109,1.0,8
uniform,250,110,0.252,8
constrained,250,110,1.0,8
uniform,250,111,0.328,8
constrained,250,111,1.0,8
uniform,250,112,0.248,8
constrained,250,112,1.0,8
uniform,250,113,0.264,8
constrained,250,113,1.0,8
uniform,250,114,0.292,8
constrained,250,114,1.0,8
uniform,250,115,0.288,8
constrained,250,115,1.0,8
uniform,250,116,0.24,8
constrained,250,116,1.0,8
uniform,250,117,0.264,8
constrained,250,117,1.0,8
uniform,250,118,0.28,8
constrained,250,118,1.0,8
uniform,250,119,0.304,8
constrained,250,119,1.0,8
uniform,250,120,0.284,8
constrained,250,120,1.0,8
uniform,250,121,0.3,8
constrained,250,121,1.0,8
uniform,250,122,0.268,8
constrained,250,122,1.0,8
uniform,250,123,0.288,8
constrained,250,123,1.0,8
uniform,250,124,0.272,8
constrained,250,124,1.0,8
uniform,250,125,0.272,8
constrained,250,125,1.0,8
uniform,250,126,0.264,8
constrained,250,126,1.0,8
uniform,250,127,0.252,8
constrained,250,127,1.0,8
uniform,250,128,0.236,8
constrained,250,128,1.0,8
uniform,250,129,0.26,8
constrained,250,129,1.0,8
uniform,250,130,0.252,8
constrained,250,130,1.0,8
uniform,250,131,0.312,8
constrained,250,131,1.0,8
uniform,250,132,0.252,8
constrained,250,132,1.0,8
uniform,250,133,0.324,8
constrained,250,133,1.0,8
uniform,250,134,0.324,8
constrained,250,134,1.0,8
uniform,250,135,0.276,8
constrained,250,135,1.0,8
uniform,250,136,0.28,8
constrained,250,136,1.0,8
uniform,250,137,0.264,8
constrained,250,137,1.0,8
uniform,250,138,0.312,8
constrained,250,138,1.0,8
uniform,250,139,0.288,8
constrained,250,139,1.0,8
uniform,250,140,0.276,8
constrained,250,140,1.0,8
uniform,250,141,0.256,8
constrained,250,141,1.0,8
uniform,250,142,0.244,8
constrained,250,142,1.0,8
uniform,250,143,0.288,8
constrained,250,143,1.0,8
uniform,250,144,0.232,8
constrained,250,144,1.0,8
uniform,250,145,0.252,8
constrained,250,145,1.0,8
uniform,250,146,0.268,8
constrained,250,146,1.0,8
uniform,250,147,0.248,8
constrained,250,147,1.0,8
uniform,250,148,0.296,8
constrained,250,148,1.0,8
uniform,250,149,0.26,8
constrained,250,149,1.0,8
uniform,250,150,0.276,8
constrained,250,150,1.0,8
uniform,250,151,0.228,8
constrained,250,151,1.0,8
uniform,250,152,0.268,8
constrained,250,152,1.0,8
uniform,250,153,0.228,8
constrained,250,153,1.0,8
uniform,250,154,0.304,8
constrained,250,154,1.0,8
uniform,250,155,0.312,8
constrained,250,155,1.0,8
uniform,250,156,0.232,8
constrained,250,156,1.0,8
uniform,250,157,0.324,8
constrained,250,157,1.0,8
uniform,250,158,0.264,8
constrained,250,158,1.0,8
uniform,250,159,0.304,8
constrained,250,159,1.0,8
uniform,250,160,0.24,8
constrained,250,160,1.0,8
uniform,250,161,0.284,8
constrained,250,161,1.0,8
uniform,250,162,0.244,8
constrained,250,162,1.0,8
uniform,250,163,0.272,8
constrained,250,163,1.0,8
uniform,250,164,0.268,8
constrained,250,164,1.0,8
uniform,250,165,0.272,8
constrained,250,165,1.0,8
uniform,250,166,0.272,8
constrained,250,166,1.0,8
uniform,250,167,0.312,8
constrained,250,167,1.0,8
uniform,250,168,0.268,8
constrained,250,168,1.0,8
uniform,250,169,0.252,8
constrained,250,169,1.0,8
uniform,250,170,0.232,8
constrained,250,170,1.0,8
uniform,250,171,0.3,8
constrained,250,171,1.0,8
uniform,250,172,0.316,8
constrained,250,172,1.0,8
uniform,250,173,0.248,8
constrained,250,173,1.0,8
uniform,250,174,0.296,8
constrained,250,174,1.0,8
uniform,250,175,0.256,8
constrained,250,175,1.0,8
uniform,250,176,0.252,8
constrained,250,176,1.0,8
uniform,250,177,0.232,8
constrained,250,177,1.0,8
uniform,250,178,0.272,8
constrained,250,178,1.0,8
uniform,250,179,0.248,8
constrained,250,179,1.0,8
uniform,250,180,0.264,8
constrained,250,180,1.0,8
uniform,250,181,0.268,8
constrained,250,181,1.0,8
uniform,250,182,0.312,8
constrained,250,182,1.0,8
uniform,250,183,0.248,8
constrained,250,183,1.0,8
uniform,250,184,0.256,8
constrained,250,184,1.0,8
uniform,250,185,0.224,8
constrained,250,185,1.0,8
uniform,250,186,0.284,8
constrained,250,186,1.0,8
uniform,250,187,0.264,8
constrained,250,187,1.0,8
uniform,250,188,0.272,8
constrained,250,188,1.0,8
uniform,250,189,0.252,8
constrained,250,189,1.0,8
uniform,250,190,0.288,8
constrained,250,190,1.0,8
uniform,250,191,0.32,8
constrained,250,191,1.0,8
uniform,250,192,0.244,8
constrained,250,192,1.0,8
uniform,250,193,0.24,8
constrained,250,193,1.0,8
uniform,250,194,0.272,8
constrained,250,194,1.0,8
uniform,250,195,0.296,8
constrained,250,195,1.0,8
uniform,250,196,0.264,8
constrained,250,196,1.0,8
uniform,250,197,0.244,8
constrained,250,197,1.0,8
uniform,250,198,0.296,8
constrained,250,198,1.0,8
uniform,250,199,0.268,8
constrained,250,199,1.0,8
uniform,500,0,0.268,8
constrained,500,0,1.0,8
uniform,500,1,0.254,8
constrained,500,1,1.0,8
uniform,500,2,0.274,8
constrained,500,2,1.0,8
uniform,500,3,0.29,8
constrained,500,3,1.0,8
uniform,500,4,0.266,8
constrained,500,4,1.0,8
uniform,500,5,0.296,8
constrained,500,5,1.0,8
uniform,500,6,0.238,8
constrained,500,6,1.0,8
uniform,500,7,0.264,8
constrained,500,7,1.0,8
uniform,500,8,0.306,8
constrained,500,8,1.0,8
uniform,500,9,0.284,8
constrained,500,9,1.0,8
uniform,500,10,0.272,8
constrained,500,10,1.0,8
uniform,500,11,0.288,8
constrained,500,11,1.0,8
uniform,500,12,0.254,8
constrained,500,12,1.0,8
uniform,500,13,0.26,8
constrained,500,13,1.0,8
uniform,500,14,0.312,8
constrained,500,14,1.0,8
uniform,500,15,0.246,8
constrained,500,15,1.0,8
uniform,500,16,0.274,8
constrained,500,16,1.0,8
uniform,500,17,0.282,8
constrained,500,17,1.0,8
uniform,500,18,0.268,8
constrained,500,18,1.0,8
uniform,500,19,0.272,8
constrained,500,19,1.0,8
uniform,500,20,0.284,8
constrained,500,20,1.0,8
uniform,500,21,0.256,8
constrained,500,21,1.0,8
uniform,500,22,0.258,8
constrained,500,22,1.0,8
uniform,500,23,0.276,8
constrained,500,23,1.0,8
uniform,500,24,0.272,8
constrained,500,24,1.0,8
uniform,500,25,0.286,8
constrained,500,25,1.0,8
uniform,500,26,0.272,8
constrained,500,26,1.0,8
uniform,500,27,0.27,8
constrained,500,27,1.0,8
uniform,500,28,0.278,8
constrained,500,28,1.0,8
uniform,500,29,0.242,8
constrained,500,29,1.0,8
uniform,500,30,0.276,8
constrained,500,30,1.0,8
uniform,500,31,0.282,8
constrained,500,31,1.0,8
uniform,500,32,0.314,8
constrained,500,32,1.0,8
uniform,500,33,0.278,8
constrained,500,33,1.0,8
uniform,500,34,0.248,8
constrained,500,34,1.0,8
uniform,500,35,0.248,8
constrained,500,35,1.0,8
uniform,500,36,0.29,8
constrained,500,36,1.0,8
uniform,500,37,0.25,8
constrained,500,37,1.0,8
uniform,500,38,0.282,8
constrained,500,38,1.0,8
uniform,500,39,0.268,8
constrained,500,39,1.0,8
uniform,500,40,0.246,8
constrained,500,40,1.0,8
uniform,500,41,0.236,8
constrained,500,41,1.0,8
uniform,500,42,0.276,8
constrained,500,42,1.0,8
uniform,500,43,0.256,8
constrained,500,43,1.0,8
uniform,500,44,0.254,8
constrained,500,44,1.0,8
uniform,500,45,0.258,8
constrained,500,45,1.0,8
uniform,500,46,0.276,8
constrained,500,46,1.0,8
uniform,500,47,0.23,8
constrained,500,47,1.0,8
uniform,500,48,0.274,8
constrained,500,48,1.0,8
uniform,500,49,0.246,8
constrained,500,49,1.0,8
uniform,500,50,0.266,8
constrained,500,50,1.0,8
uniform,500,51,0.29,8
constrained,500,51,1.0,8
uniform,500,52,0.276,8
constrained,500,52,1.0,8
uniform,500,53,0.264,8
constrained,500,53,1.0,8
uniform,500,54,0.276,8
constrained,500,54,1.0,8
uniform,500,55,0.272,8
constrained,500,55,1.0,8
uniform,500,56,0.238,8
constrained,500,56,1.0,8
uniform,500,57,0.224,8
constrained,500,57,1.0,8
uniform,500,58,0.25,8
constrained,500,58,1.0,8
uniform,500,59,0.246,8
constrained,500,59,1.0,8
uniform,500,60,0.258,8
constrained,500,60,1.0,8
uniform,500,61,0.276,8
constrained,500,61,1.0,8
uniform,500,62,0.302,8
constrained,500,62,1.0,8
uniform,500,63,0.26,8
constrained,500,63,1.0,8
uniform,500,64,0.276,8
constrained,500,64,1.0,8
uniform,500,65,0.264,8
constrained,500,65,1.0,8
uniform,500,66,0.284,8
constrained,500,66,1.0,8
uniform,500,67,0.258,8
constrained,500,67,1.0,8
uniform,500,68,0.248,8
constrained,500,68,1.0,8
uniform,500,69,0.262,8
constrained,500,69,1.0,8
uniform,500,70,0.27,8
constrained,500,70,1.0,8
uniform,500,71,0.264,8
constrained,500,71,1.0,8
uniform,500,72,0.264,8
constrained,500,72,1.0,8
uniform,500,73,0.284,8
constrained,500,73,1.0,8
uniform,500,74,0.26,8
constrained,500,74,1.0,8
uniform,500,75,0.224,8
constrained,500,75,1.0,8
uniform,500,76,0.264,8
constrained,500,76,1.0,8
uniform,500,77,0.268,8
constrained,500,77,1.0,8
uniform,500,78,0.282,8
constrained,500,78,1.0,8
uniform,500,79,0.246,8
constrained,500,79,1.0,8
uniform,500,80,0.266,8
constrained,500,80,1.0,8
uniform,500,81,0.286,8
constrained,500,81,1.0,8
uniform,500,82,0.312,8
constrained,500,82,1.0,8
uniform,500,83,0.292,8
constrained,500,83,1.0,8
uniform,500,84,0.292,8
constrained,500,84,1.0,8
uniform,500,85,0.27,8
constrained,500,85,1.0,8
uniform,500,86,0.312,8
constrained,500,86,1.0,8
uniform,500,87,0.3,8
constrained,500,87,1.0,8
uniform,500,88,0.24,8
constrained,500,88,1.0,8
uniform,500,89,0.284,8
constrained,500,89,1.0,8
uniform,500,90,0.298,8
constrained,500,90,1.0,8
uniform,500,91,0.28,8
constrained,500,91,1.0,8
uniform,500,92,0.308,8
constrained,500,92,1.0,8
uniform,500,93,0.284,8
constrained,500,93,1.0,8
uniform,500,94,0.244,8
constrained,500,94,1.0,8
uniform,500,95,0.28,8
constrained,500,95,1.0,8
uniform,500,96,0.276,8
constrained,500,96,1.0,8
uniform,500,97,0.274,8
constrained,500,97,1.0,8
uniform,500,98,0.284,8
constrained,500,98,1.0,8
uniform,500,99,0.28,8
constrained,500,99,1.0,8
uniform,500,100,0.246,8
constrained,500,100,1.0,8
uniform,500,101,0.294,8
constrained,500,101,1.0,8
uniform,500,102,0.284,8
constrained,500,102,1.0,8
uniform,500,103,0.246,8
constrained,500,103,1.0,8
uniform,500,104,0.276,8
constrained,500,104,1.0,8
uniform,500,105,0.244,8
constrained,500,105,1.0,8
uniform,500,106,0.25,8
constrained,500,106,1.0,8
uniform,500,107,0.282,8
constrained,500,107,1.0,8
uniform,500,108,0.292,8
constrained,500,108,1.0,8
uniform,500,109,0.294,8
constrained,500,109,1.0,8
uniform,500,110,0.238,8
constrained,500,110,1.0,8
uniform,500,111,0.252,8
constrained,500,111,1.0,8
uniform,500,112,0.27,8
constrained,500,112,1.0,8
uniform,500,113,0.278,8
constrained,500,113,1.0,8
uniform,500,114,0.266,8
constrained,500,114,1.0,8
uniform,500,115,0.254,8
constrained,500,115,1.0,8
uniform,500,116,0.248,8
constrained,500,116,1.0,8
uniform,500,117,0.258,8
constrained,500,117,1.0,8
uniform,500,118,0.282,8
constrained,500,118,1.0,8
uniform,500,119,0.282,8
constrained,500,119,1.0,8
uniform,500,120,0.308,8
constrained,500,120,1.0,8
uniform,500,121,0.254,8
constrained,500,121,1.0,8
uniform,500,122,0.276,8
constrained,500,122,1.0,8
uniform,500,123,0.29,8
constrained,500,123,1.0,8
uniform,500,124,0.294,8
constrained,500,124,1.0,8
uniform,500,125,0.26,8
constrained,500,125,1.0,8
uniform,500,126,0.284,8
constrained,500,126,1.0,8
uniform,500,127,0.26,8
constrained,500,127,1.0,8
uniform,500,128,0.26,8
constrained,500,128,1.0,8
uniform,500,129,0.27,8
constrained,500,129,1.0,8
uniform,500,130,0.266,8
constrained,500,130,1.0,8
uniform,500,131,0.294,8
constrained,500,131,1.0,8
uniform,500,132,0.242,8
constrained,500,132,1.0,8
uniform,500,133,0.26,8
constrained,500,133,1.0,8
uniform,500,134,0.246,8
constrained,500,134,1.0,8
uniform,500,135,0.284,8
constrained,500,135,1.0,8
uniform,500,136,0.3,8
constrained,500,136,1.0,8
uniform,500,137,0.27,8
constrained,500,137,1.0,8
uniform,500,138,0.272,8
constrained,500,138,1.0,8
uniform,500,139,0.268,8
constrained,500,139,1.0,8
uniform,500,140,0.254,8
constrained,500,140,1.0,8
uniform,500,141,0.26,8
constrained,500,141,1.0,8
uniform,500,142,0.252,8
constrained,500,142,1.0,8
uniform,500,143,0.264,8
constrained,500,143,1.0,8
uniform,500,144,0.276,8
constrained,500,144,1.0,8
uniform,500,145,0.258,8
constrained,500,145,1.0,8
uniform,500,146,0.272,8
constrained,500,146,1.0,8
uniform,500,147,0.256,8
constrained,500,147,1.0,8
uniform,500,148,0.218,8
constrained,500,148,1.0,8
uniform,500,149,0.27,8
constrained,500,149,1.0,8
uniform,500,150,0.262,8
constrained,500,150,1.0,8
uniform,500,151,0.264,8
constrained,500,151,1.0,8
uniform,500,152,0.286,8
constrained,500,152,1.0,8
uniform,500,153,0.28,8
constrained,500,153,1.0,8
uniform,500,154,0.25,8
constrained,500,154,1.0,8
uniform,500,155,0.264,8
constrained,500,155,1.0,8
uniform,500,156,0.268,8
constrained,500,156,1.0,8
uniform,500,157,0.276,8
constrained,500,157,1.0,8
uniform,500,158,0.246,8
constrained,500,158,1.0,8
uniform,500,159,0.262,8
constrained,500,159,1.0,8
uniform,500,160,0.268,8
constrained,500,160,1.0,8
uniform,500,161,0.25,8
constrained,500,161,1.0,8
uniform,500,162,0.272,8
constrained,500,162,1.0,8
uniform,500,163,0.266,8
constrained,500,163,1.0,8
uniform,500,164,0.272,8
constrained,500,164,1.0,8
uniform,500,165,0.262,8
constrained,500,165,1.0,8
uniform,500,166,0.284,8
constrained,500,166,1.0,8
uniform,500,167,0.286,8
constrained,500,167,1.0,8
uniform,500,168,0.272,8
constrained,500,168,1.0,8
uniform,500,169,0.276,8
constrained,500,169,1.0,8
uniform,500,170,0.28,8
constrained,500,170,1.0,8
uniform,500,171,0.242,8
constrained,500,171,1.0,8
uniform,500,172,0.26,8
constrained,500,172,1.0,8
uniform,500,173,0.276,8
constrained,500,173,1.0,8
uniform,500,174,0.256,8
constrained,500,174,1.0,8
uniform,500,175,0.238,8
constrained,500,175,1.0,8
uniform,500,176,0.252,8
constrained,500,176,1.0,8
uniform,500,177,0.256,8
constrained,500,177,1.0,8
uniform,500,178,0.294,8
constrained,500,178,1.0,8
uniform,500,179,0.284,8
constrained,500,179,1.0,8
uniform,500,180,0.262,8
constrained,500,180,1.0,8
uniform,500,181,0.246,8
constrained,500,181,1.0,8
uniform,500,182,0.24,8
constrained,500,182,1.0,8
uniform,500,183,0.288,8
constrained,500,183,1.0,8
uniform,500,184,0.252,8
constrained,500,184,1.0,8
uniform,500,185,0.278,8
constrained,500,185,1.0,8
uniform,500,186,0.244,8
constrained,500,186,1.0,8
uniform,500,187,0.25,8
constrained,500,187,1.0,8
uniform,500,188,0.248,8
constrained,500,188,1.0,8
uniform,500,189,0.24,8
constrained,500,189,1.0,8
uniform,500,190,0.254,8
constrained,500,190,1.0,8
uniform,500,191,0.226,8
constrained,500,191,1.0,8
uniform,500,192,0.238,8
constrained,500,192,1.0,8
uniform,500,193,0.27,8
constrained,500,193,1.0,8
uniform,500,194,0.252,8
constrained,500,194,1.0,8
uniform,500,195,0.27,8
constrained,500,195,1.0,8
uniform,500,196,0.282,8
constrained,500,196,1.0,8
uniform,500,197,0.268,8
constrained,500,197,1.0,8
uniform,500,198,0.276,8
constrained,500,198,1.0,8
uniform,500,199,0.238,8
constrained,500,199,1.0,8
uniform,1000,0,0.26,8
constrained,1000,0,1.0,8
uniform,1000,1,0.261,8
constrained,1000,1,1.0,8
uniform,1000,2,0.264,8
constrained,1000,2,1.0,8
uniform,1000,3,0.284,8
constrained,1000,3,1.0,8
uniform,1000,4,0.284,8
constrained,1000,4,1.0,8
uniform,1000,5,0.244,8
constrained,1000,5,1.0,8
uniform,1000,6,0.263,8
constrained,1000,6,1.0,8
uniform,1000,7,0.271,8
constrained,1000,7,1.0,8
uniform,1000,8,0.261,8
constrained,1000,8,1.0,8
uniform,1000,9,0.274,8
constrained,1000,9,1.0,8
uniform,1000,10,0.253,8
constrained,1000,10,1.0,8
uniform,1000,11,0.272,8
constrained,1000,11,1.0,8
uniform,1000,12,0.26,8
constrained,1000,12,1.0,8
uniform,1000,13,0.254,8
constrained,1000,13,1.0,8
uniform,1000,14,0.262,8
constrained,1000,14,1.0,8
uniform,1000,15,0.283,8
constrained,1000,15,1.0,8
uniform,1000,16,0.283,8
constrained,1000,16,1.0,8
uniform,1000,17,0.262,8
constrained,1000,17,1.0,8
uniform,1000,18,0.28,8
constrained,1000,18,1.0,8
uniform,1000,19,0.261,8
constrained,1000,19,1.0,8
uniform,1000,20,0.256,8
constrained,1000,20,1.0,8
uniform,1000,21,0.278,8
constrained,1000,21,1.0,8
uniform,1000,22,0.29,8
constrained,1000,22,1.0,8
uniform,1000,23,0.275,8
constrained,1000,23,1.0,8
uniform,1000,24,0.266,8
constrained,1000,24,1.0,8
uniform,1000,25,0.268,8
constrained,1000,25,1.0,8
uniform,1000,26,0.253,8
constrained,1000,26,1.0,8
uniform,1000,27,0.265,8
constrained,1000,27,1.0,8
uniform,1000,28,0.265,8
constrained,1000,28,1.0,8
uniform,1000,29,0.294,8
constrained,1000,29,1.0,8
uniform,1000,30,0.246,8
constrained,1000,30,1.0,8
uniform,1000,31,0.277,8
constrained,1000,31,1.0,8
uniform,1000,32,0.275,8
constrained,1000,32,1.0,8
uniform,1000,33,0.271,8
constrained,1000,33,1.0,8
uniform,1000,34,0.258,8
constrained,1000,34,1.0,8
uniform,1000,35,0.256,8
constrained,1000,35,1.0,8
uniform,1000,36,0.262,8
constrained,1000,36,1.0,8
uniform,1000,37,0.275,8
constrained,1000,37,1.0,8
uniform,1000,38,0.277,8
constrained,1000,38,1.0,8
uniform,1000,39,0.285,8
constrained,1000,39,1.0,8
uniform,1000,40,0.262,8
constrained,1000,40,1.0,8
uniform,1000,41,0.274,8
constrained,1000,41,1.0,8
uniform,1000,42,0.276,8
constrained,1000,42,1.0,8
uniform,1000,43,0.275,8
constrained,1000,43,1.0,8
uniform,1000,44,0.262,8
constrained,1000,44,1.0,8
uniform,1000,45,0.283,8
constrained,1000,45,1.0,8
uniform,1000,46,0.272,8
constrained,1000,46,1.0,8
uniform,1000,47,0.257,8
constrained,1000,47,1.0,8
uniform,1000,48,0.265,8
constrained,1000,48,1.0,8
uniform,1000,49,0.273,8
constrained,1000,49,1.0,8
uniform,1000,50,0.273,8
constrained,1000,50,1.0,8
uniform,1000,51,0.274,8
constrained,1000,51,1.0,8
uniform,1000,52,0.276,8
constrained,1000,52,1.0,8
uniform,1000,53,0.268,8
constrained,1000,53,1.0,8
uniform,1000,54,0.257,8
constrained,1000,54,1.0,8
uniform,1000,55,0.265,8
constrained,1000,55,1.0,8
uniform,1000,56,0.274,8
constrained,1000,56,1.0,8
uniform,1000,57,0.244,8
constrained,1000,57,1.0,8
uniform,1000,58,0.263,8
constrained,1000,58,1.0,8
uniform,1000,59,0.264,8
constrained,1000,59,1.0,8
uniform,1000,60,0.235,8
constrained,1000,60,1.0,8
uniform,1000,61,0.259,8
constrained,1000,61,1.0,8
uniform,1000,62,0.264,8
constrained,1000,62,1.0,8
uniform,1000,63,0.272,8
constrained,1000,63,1.0,8
uniform,1000,64,0.265,8
constrained,1000,64,1.0,8
uniform,1000,65,0.266,8
constrained,1000,65,1.0,8
uniform,1000,66,0.258,8
constrained,1000,66,1.0,8
uniform,1000,67,0.256,8
constrained,1000,67,1.0,8
uniform,1000,68,0.27,8
constrained,1000,68,1.0,8
uniform,1000,69,0.275,8
constrained,1000,69,1.0,8
uniform,1000,70,0.26,8
constrained,1000,70,1.0,8
uniform,1000,71,0.277,8
constrained,1000,71,1.0,8
uniform,1000,72,0.263,8
constrained,1000,72,1.0,8
uniform,1000,73,0.247,8
constrained,1000,73,1.0,8
uniform,1000,74,0.254,8
constrained,1000,74,1.0,8
uniform,1000,75,0.282,8
constrained,1000,75,1.0,8
uniform,1000,76,0.262,8
constrained,1000,76,1.0,8
uniform,1000,77,0.266,8
constrained,1000,77,1.0,8
uniform,1000,78,0.265,8
constrained,1000,78,1.0,8
uniform,1000,79,0.274,8
constrained,1000,79,1.0,8
uniform,1000,80,0.267,8
constrained,1000,80,1.0,8
uniform,1000,81,0.274,8
constrained,1000,81,1.0,8
uniform,1000,82,0.272,8
constrained,1000,82,1.0,8
uniform,1000,83,0.267,8
constrained,1000,83,1.0,8
uniform,1000,84,0.265,8
constrained,1000,84,1.0,8
uniform,1000,85,0.278,8
constrained,1000,85,1.0,8
uniform,1000,86,0.239,8
constrained,1000,86,1.0,8
uniform,1000,87,0.277,8
constrained,1000,87,1.0,8
uniform,1000,88,0.269,8
constrained,1000,88,1.0,8
uniform,1000,89,0.259,8
constrained,1000,89,1.0,8
uniform,1000,90,0.292,8
constrained,1000,90,1.0,8
uniform,1000,91,0.272,8
constrained,1000,91,1.0,8
uniform,1000,92,0.266,8
constrained,1000,92,1.0,8
uniform,1000,93,0.28,8
constrained,1000,93,1.0,8
uniform,1000,94,0.288,8
constrained,1000,94,1.0,8
uniform,1000,95,0.274,8
constrained,1000,95,1.0,8
uniform,1000,96,0.291,8
constrained,1000,96,1.0,8
uniform,1000,97,0.267,8
constrained,1000,97,1.0,8
uniform,1000,98,0.276,8
constrained,1000,98,1.0,8
uniform,1000,99,0.284,8
constrained,1000,99,1.0,8
uniform,1000,100,0.29,8
constrained,1000,100,1.0,8
uniform,1000,101,0.248,8
constrained,1000,101,1.0,8
uniform,1000,102,0.275,8
constrained,1000,102,1.0,8
uniform,1000,103,0.254,8
constrained,1000,103,1.0,8
uniform,1000,104,0.26,8
constrained,1000,104,1.0,8
uniform,1000,105,0.272,8
constrained,1000,105,1.0,8
uniform,1000,106,0.273,8
constrained,1000,106,1.0,8
uniform,1000,107,0.262,8
constrained,1000,107,1.0,8
uniform,1000,108,0.247,8
constrained,1000,108,1.0,8
uniform,1000,109,0.258,8
constrained,1000,109,1.0,8
uniform,1000,110,0.269,8
constrained,1000,110,1.0,8
uniform,1000,111,0.278,8
constrained,1000,111,1.0,8
uniform,1000,112,0.258,8
constrained,1000,112,1.0,8
uniform,1000,113,0.26,8
constrained,1000,113,1.0,8
uniform,1000,114,0.265,8
constrained,1000,114,1.0,8
uniform,1000,115,0.291,8
constrained,1000,115,1.0,8
uniform,1000,116,0.258,8
constrained,1000,116,1.0,8
uniform,1000,117,0.285,8
constrained,1000,117,1.0,8
uniform,1000,118,0.254,8
constrained,1000,118,1.0,8
uniform,1000,119,0.235,8
constrained,1000,119,1.0,8
uniform,1000,120,0.268,8
constrained,1000,120,1.0,8
uniform,1000,121,0.274,8
constrained,1000,121,1.0,8
uniform,1000,122,0.267,8
constrained,1000,122,1.0,8
uniform,1000,123,0.268,8
constrained,1000,123,1.0,8
uniform,1000,124,0.273,8
constrained,1000,124,1.0,8
uniform,1000,125,0.236,8
constrained,1000,125,1.0,8
uniform,1000,126,0.257,8
constrained,1000,126,1.0,8
uniform,1000,127,0.261,8
constrained,1000,127,1.0,8
uniform,1000,128,0.269,8
constrained,1000,128,1.0,8
uniform,1000,129,0.281,8
constrained,1000,129,1.0,8
uniform,1000,130,0.256,8
constrained,1000,130,1.0,8
uniform,1000,131,0.293,8
constrained,1000,131,1.0,8
uniform,1000,132,0.246,8
constrained,1000,132,1.0,8
uniform,1000,133,0.241,8
constrained,1000,133,1.0,8
uniform,1000,134,0.237,8
constrained,1000,134,1.0,8
uniform,1000,135,0.259,8
constrained,1000,135,1.0,8
uniform,1000,136,0.259,8
constrained,1000,136,1.0,8
uniform,1000,137,0.294,8
constrained,1000,137,1.0,8
uniform,1000,138,0.231,8
constrained,1000,138,1.0,8
uniform,1000,139,0.265,8
constrained,1000,139,1.0,8
uniform,1000,140,0.251,8
constrained,1000,140,1.0,8
uniform,1000,141,0.264,8
constrained,1000,141,1.0,8
uniform,1000,142,0.243,8
constrained,1000,142,1.0,8
uniform,1000,143,0.29,8
constrained,1000,143,1.0,8
uniform,1000,144,0.243,8
constrained,1000,144,1.0,8
uniform,1000,145,0.271,8
constrained,1000,145,1.0,8
uniform,1000,146,0.251,8
constrained,1000,146,1.0,8
uniform,1000,147,0.26,8
constrained,1000,147,1.0,8
uniform,1000,148,0.259,8
constrained,1000,148,1.0,8
uniform,1000,149,0.278,8
constrained,1000,149,1.0,8
uniform,1000,150,0.273,8
constrained,1000,150,1.0,8
uniform,1000,151,0.287,8
constrained,1000,151,1.0,8
uniform,1000,152,0.295,8
constrained,1000,152,1.0,8
uniform,1000,153,0.245,8
constrained,1000,153,1.0,8
uniform,1000,154,0.303,8
constrained,1000,154,1.0,8
uniform,1000,155,0.26,8
constrained,1000,155,1.0,8
uniform,1000,156,0.296,8
constrained,1000,156,1.0,8
uniform,1000,157,0.251,8
constrained,1000,157,1.0,8
uniform,1000,158,0.279,8
constrained,1000,158,1.0,8
uniform,1000,159,0.24,8
constrained,1000,159,1.0,8
uniform,1000,160,0.281,8
constrained,1000,160,1.0,8
uniform,1000,161,0.262,8
constrained,1000,161,1.0,8
uniform,1000,162,0.262,8
constrained,1000,162,1.0,8
uniform,1000,163,0.255,8
constrained,1000,163,1.0,8
uniform,1000,164,0.241,8
constrained,1000,164,1.0,8
uniform,1000,165,0.26,8
constrained,1000,165,1.0,8
uniform,1000,166,0.271,8
constrained,1000,166,1.0,8
uniform,1000,167,0.288,8
constrained,1000,167,1.0,8
uniform,1000,168,0.264,8
constrained,1000,168,1.0,8
uniform,1000,169,0.255,8
constrained,1000,169,1.0,8
uniform,1000,170,0.261,8
constrained,1000,170,1.0,8
uniform,1000,171,0.252,8
constrained,1000,171,1.0,8
uniform,1000,172,0.271,8
constrained,1000,172,1.0,8
uniform,1000,173,0.263,8
constrained,1000,173,1.0,8
uniform,1000,174,0.242,8
constrained,1000,174,1.0,8
uniform,1000,175,0.273,8
constrained,1000,175,1.0,8
uniform,1000,176,0.26,8
constrained,1000,176,1.0,8
uniform,1000,177,0.273,8
constrained,1000,177,1.0,8
uniform,1000,178,0.265,8
constrained,1000,178,1.0,8
uniform,1000,179,0.263,8
constrained,1000,179,1.0,8
uniform,1000,180,0.262,8
constrained,1000,180,1.0,8
uniform,1000,181,0.255,8
constrained,1000,181,1.0,8
uniform,1000,182,0.283,8
constrained,1000,182,1.0,8
uniform,1000,183,0.266,8
constrained,1000,183,1.0,8
uniform,1000,184,0.269,8
constrained,1000,184,1.0,8
uniform,1000,185,0.243,8
constrained,1000,185,1.0,8
uniform,1000,186,0.286,8
constrained,1000,186,1.0,8
uniform,1000,187,0.246,8
constrained,1000,187,1.0,8
uniform,1000,188,0.273,8
constrained,1000,188,1.0,8
uniform,1000,189,0.255,8
constrained,1000,189,1.0,8
uniform,1000,190,0.284,8
constrained,1000,190,1.0,8
uniform,1000,191,0.269,8
constrained,1000,191,1.0,8
uniform,1000,192,0.262,8
constrained,1000,192,1.0,8
uniform,1000,193,0.25,8
constrained,1000,193,1.0,8
uniform,1000,194,0.248,8
constrained,1000,194,1.0,8
uniform,1000,195,0.243,8
constrained,1000,195,1.0,8
uniform,1000,196,0.264,8
constrained,1000,196,1.0,8
uniform,1000,197,0.257,8
constrained,1000,197,1.0,8
uniform,1000,198,0.269,8
constrained,1000,198,1.0,8
uniform,1000,199,0.237,8
constrained,1000,199,1.0,8
