angle_deg,cosine,structure_quality_proxy,phase_locked_by_angle
0.0,1.0,1.0,True
0.18036072144288579,0.9999950454033061,0.9999900908311602,True
0.36072144288577157,0.9999801816623203,0.999960363717407,True
0.5410821643286574,0.9999554089243304,0.9999108198370249,True
0.7214428857715431,0.9999207274348142,0.9998414611537679,True
0.9018036072144289,0.9998761375374373,0.9997522904167843,True
1.0821643286573148,0.9998216396740497,0.9996433111605052,True
1.2625250501002006,0.9997572343846811,0.9995145277045062,True
1.4428857715430863,0.9996829223075361,0.9993659451533352,True
1.623246492985972,0.9995987041789873,0.9991975693963107,True
1.8036072144288577,0.9995045808335686,0.9990094071072877,True
1.9839679358717437,0.9994005532039664,0.998801465744394,True
2.1643286573146296,0.9992866223210104,0.9985737535497337,True
2.3446893787575154,0.999162789313664,0.9983262795490613,True
2.525050100200401,0.9990290554090123,0.9980590535514234,True
2.705410821643287,0.9988854219322504,0.9977720861487699,True
2.8857715430861726,0.9987318903066703,0.9974653887155349,True
3.0661322645290583,0.9985684620536465,0.9971389734081848,True
3.246492985971944,0.9983951387926212,0.9967928531647373,True
3.4268537074148298,0.998211922241088,0.9964270417042479,True
3.6072144288577155,0.9980188142145753,0.9960415535262669,True
3.7875751503006017,0.9978158166266278,0.9956364039102641,True
3.9679358717434874,0.9976029314887879,0.9952116089150231,True
4.148296593186373,0.9973801609105755,0.9947671853780055,True
4.328657314629259,0.9971475070994674,0.9943031509146825,True
4.509018036072145,0.9969049723608752,0.9938195239178372,True
4.689378757515031,0.9966525590981226,0.9933163235568366,True
4.869739478957916,0.9963902698124213,0.9927935697768697,True
5.050100200400802,0.9961181071028467,0.9922512832981583,True
5.2304609218436875,0.9958360736663117,0.9916894856151357,True
5.410821643286574,0.9955441722975399,0.9911081989955938,True
5.591182364729459,0.9952424058890388,0.9905074464798023,True
5.771543086172345,0.99493077743107,0.9898872518795933,True
5.951903807615231,0.9946092900116199,0.9892476397774186,True
6.132264529058117,0.9942779468163697,0.9885886355253757,True
6.312625250501003,0.9939367511286633,0.9879102652442023,True
6.492985971943888,0.9935857063294746,0.987212555822241,True
6.673346693386774,0.9932248158973744,0.9864955349143734,True
6.8537074148296595,0.9928540834084959,0.9857592309409245,True
7.034068136272546,0.992473512536499,0.9850036730865361,True
7.214428857715431,0.992083107052534,0.9842288912990096,True
7.394789579158317,0.9916828708252043,0.983434916288119,True
7.575150300601203,0.9912728078205282,0.9826217795243938,True
7.755511022044089,0.9908529221018992,0.9817895132378724,True
7.935871743486975,0.9904232178300463,0.9809381504168233,True
8.11623246492986,0.989983699262992,0.9800677248064382,True
8.296593186372746,0.9895343707560108,0.9791782709074942,True
8.476953907815632,0.9890752367615859,0.9782698239749873,True
8.657314629258519,0.9886063018293647,0.977342420016733,True
8.837675350701403,0.9881275706061142,0.9763960957919412,True
9.01803607214429,0.9876390478356747,0.9754308888097581,True
9.198396793587175,0.9871407383589128,0.9744468373277796,True
9.378757515030061,0.9866326471136735,0.9734439803505346,True
9.559118236472946,0.986114779134731,0.9724223576279393,True
9.739478957915832,0.9855871395537396,0.9713820096537225,True
9.919839679358718,0.9850497335991816,0.9703229776638186,True
10.100200400801604,0.9845025665963166,0.9692453036347348,True
10.28056112224449,0.9839456439671286,0.9681490302818874,True
10.460921843687375,0.9833789712302712,0.9670342010579065,True
10.641282565130261,0.9828025540010144,0.9659008601509167,True
10.821643286573147,0.9822163979911878,0.9647490524827833,True
11.002004008016034,0.9816205090091248,0.9635788237073333,True
11.182364729458918,0.9810148929596045,0.9623902202085444,True
11.362725450901804,0.9803995558437935,0.9611832890987075,True
11.54308617234469,0.9797745037591863,0.9599580782165598,True
11.723446893787576,0.9791397428995448,0.9587146361253865,True
11.903807615230463,0.9784952795548371,0.9574530121110987,True
12.084168336673347,0.9778411201111752,0.9561732561802777,True
12.264529058116233,0.9771772710507515,0.9548754190581938,True
12.44488977955912,0.9765037389517748,0.9535595521867959,True
12.625250501002006,0.9758205304884047,0.9522257077226715,True
12.80561122244489,0.9751276524306862,0.9508739385349811,True
12.985971943887776,0.9744251116444819,0.9495042982033609,True
13.166332665330662,0.9737129150914043,0.9481168410158004,True
13.346693386773548,0.9729910698287468,0.9467116219664893,True
13.527054108216435,0.9722595830094136,0.9452886967536388,True
13.707414829659319,0.9715184618818493,0.9438481217772743,True
13.887775551102205,0.9707677137899662,0.9423899541369977,True
14.068136272545091,0.9700073461730725,0.9409142516297269,True
14.248496993987978,0.9692373665657978,0.9394210727474028,True
14.428857715430862,0.9684577825980192,0.9379104766746722,True
14.609218436873748,0.9676686019947848,0.9363825232865411,True
14.789579158316634,0.9668698325762378,0.9348372731460022,True
14.96993987975952,0.966061482257539,0.9332747875016333,True
15.150300601202407,0.9652435590487878,0.9316951282851706,True
15.330661322645291,0.9644160710549436,0.9300983581090541,True
15.511022044088177,0.963579026475745,0.9284845402639444,True
15.691382765531063,0.9627324336056285,0.926853738716216,True
15.87174348697395,0.9618763008336466,0.9252060181054198,True
16.052104208416836,0.9610106366433846,0.9235414437417234,True
16.23246492985972,0.9601354496128762,0.92186008160332,True
16.412825651302608,0.9592507484145192,0.9201619983338152,True
16.593186372745492,0.9583565418149885,0.9184472612395839,True
16.773547094188377,0.9574528386751505,0.9167159382871038,True
16.953907815631265,0.9565396479499743,0.9149680981002607,True
17.13426853707415,0.9556169786884434,0.913203809957629,True
17.314629258517037,0.9546848400334659,0.9114231437897243,True
17.49498997995992,0.9537432412217841,0.9096261701762343,True
17.675350701402806,0.9527921915838826,0.9078129603432181,True
17.855711422845694,0.9518317005438962,0.9059835861602853,True
18.03607214428858,0.9508617776195164,0.9041381201377466,True
18.216432865731463,0.9498824324218971,0.9022766354237398,True
18.39679358717435,0.9488936746555592,0.9003992058013301,True
18.577154308617235,0.9478955141182945,0.8985059056855859,True
18.757515030060123,0.946887960701069,0.8965968101206291,True
18.937875751503007,0.9458710243879241,0.894671994776661,True
19.118236472945892,0.9448447152558787,0.8927315359469624,True
19.29859719438878,0.9438090434748282,0.8907755105448701,True
19.478957915831664,0.9427640193074448,0.8888039961007281,True
19.659318637274552,0.9417096531090748,0.8868170707588141,True
19.839679358717436,0.9406459553276371,0.8848148132742429,True
20.02004008016032,0.9395729365035185,0.8827973030098447,True
20.20040080160321,0.93849060726947,0.8807646199330186,True
20.380761523046093,0.9373989783505013,0.8787168446125637,True
20.56112224448898,0.9362980605637746,0.8766540582154858,True
20.741482965931866,0.935187864818497,0.8745763425037795,True
20.92184368737475,0.9340684021158131,0.8724837798311883,True
21.102204408817638,0.9329396835486949,0.870376453139939,True
21.282565130260522,0.9318017203018334,0.8682544459574562,True
21.462925851703407,0.9306545236515262,0.8661178423930492,True
21.643286573146295,0.9294981049655667,0.8639667271345797,True
21.82364729458918,0.9283324757031316,0.8618011854451054,True
22.004008016032067,0.9271576474146664,0.8596213031594989,True
22.18436873747495,0.925973631741772,0.8574271666810469,True
22.364729458917836,0.9247804404170886,0.8552188629780244,True
22.545090180360724,0.9235780852641797,0.8529964795802485,True
22.725450901803608,0.9223665781974152,0.8507601045756085,True
22.905811623246496,0.9211459312218527,0.8485098266065743,True
23.08617234468938,0.9199161564331194,0.8462457348666834,True
23.266533066132265,0.9186772660172914,0.8439679190970052,True
23.446893787575153,0.9174292722507732,0.8416764695825834,True
23.627254509018037,0.9161721875001767,0.839371477148859,True
23.807615230460925,0.9149060242221976,0.8370530331580683,True
23.98797595190381,0.9136307949634929,0.8347212295056239,True
24.168336673346694,0.9123465123605556,0.8323761586164695,True
24.348697394789582,0.9110531891395907,0.8300179134414187,True
24.529058116232466,0.9097508381163878,0.8276465874534701,True
24.709418837675354,0.9084394721961954,0.825262274644102,True
24.88977955911824,0.9071191043735917,0.8228650695195471,True
25.070140280561123,0.905789747732357,0.820455067097047,True
25.25050100200401,0.9044514154453432,0.8180323629010848,True
25.430861723446895,0.9031041207743439,0.8155970529596007,True
25.61122244488978,0.9017478770699623,0.8131492338001838,True
25.791583166332668,0.9003826977714798,0.810689002446248,True
25.971943887775552,0.899008596406722,0.8082164564131844,True
26.15230460921844,0.897625586591925,0.8057316937044975,True
26.332665330661325,0.8962336820316007,0.8032348128079203,True
26.51302605210421,0.8948328965184003,0.8007259126915101,True
26.693386773547097,0.8934232439329785,0.7982050927997263,True
26.87374749498998,0.8920047382438552,0.7956724530494886,True
27.05410821643287,0.8905773935072778,0.7931280938262167,True
27.234468937875754,0.8891412238670814,0.7905721159798513,True
27.414829659318638,0.8876962435545485,0.7880046208208562,True
27.595190380761526,0.8862424668882685,0.7854257101162037,True
27.77555110220441,0.8847799082739956,0.78283548608534,True
27.9559118236473,0.8833085822045058,0.7802340513961342,True
28.136272545090183,0.8818285032594538,0.7776215091608086,True
28.316633266533067,0.8803396861052281,0.7749979629318514,True
28.496993987975955,0.8788421454948057,0.7723635166979131,True
28.67735470941884,0.8773358962676062,0.7697182748796839,True
28.857715430861724,0.8758209533493445,0.7670623423257547,True
29.038076152304612,0.8742973317518828,0.7643958243084619,True
29.218436873747496,0.8727650465730824,0.7617188265197147,True
29.398797595190384,0.8712241129966533,0.7590314550668052,True
29.57915831663327,0.8696745462920042,0.7563338164682034,True
29.759519038076153,0.8681163618140916,0.7536260176493348,True
29.93987975951904,0.8665495750032665,0.7509081659383418,True
30.120240480961925,0.8649742013851225,0.7481803690618304,True
30.300601202404813,0.8633902565703413,0.7454427351405998,True
30.480961923847698,0.8617977562545387,0.7426953726853572,True
30.661322645290582,0.8601967162181081,0.7399383905924164,True
30.84168336673347,0.8585871523260649,0.7371718981393813,True
31.022044088176354,0.8569690805278889,0.7343960049808154,True
31.202404809619242,0.8553425168573666,0.7316108211438945,True
31.382765531062127,0.8537074774324319,0.7288164570240463,True
31.56312625250501,0.8520639784550066,0.7260130233805739,True
31.7434869739479,0.8504120362108398,0.7232006313322668,True
31.923847695390783,0.848751667069347,0.7203793923529956,True
32.10420841683367,0.8470828874834468,0.7175494182672939,True
32.28456913827655,0.8454057139893991,0.7147108212459257,True
32.46492985971944,0.8437201632066401,0.7118637138014394,True
32.64529058116233,0.8420262518376187,0.7090082087837088,True
32.825651302605216,0.8403239966676302,0.7061444193754595,True
33.0060120240481,0.8386134145646503,0.703272459087782,True
33.186372745490985,0.8368945224791677,0.7003924417556342,True
33.36673346693387,0.8351673374440166,0.6975044815333279,True
33.547094188376754,0.8334318765742077,0.6946086928900054,True
33.72745490981964,0.831688157066758,0.6917051906051004,True
33.90781563126253,0.8299361962005216,0.6887940897637908,True
34.08817635270541,0.8281760113360175,0.6858755057524354,True
34.2685370741483,0.8264076199152578,0.6829495542540012,True
34.448897795591186,0.8246310394615751,0.6800163512434778,True
34.629258517034074,0.8228462875794488,0.6770760129832809,True
34.809619238476955,0.8210533819543303,0.6741286560186435,True
34.98997995991984,0.8192523403524684,0.6711743971729968,True
35.17034068136273,0.8174431806207323,0.6682133535433391,True
35.35070140280561,0.815625920686436,0.6652456424955965,True
35.5310621242485,0.8138005785571593,0.6622713816599671,True
35.71142284569139,0.8119671723205706,0.6592906889262632,True
35.89178356713427,0.8101257201442468,0.6563036824392344,True
36.07214428857716,0.8082762402754934,0.6533104805938871,True
36.252505010020045,0.8064187510411644,0.6503112020307916,True
36.432865731462925,0.8045532708474799,0.6473059656313783,True
36.61322645290581,0.8026798181798435,0.6442948905132265,True
36.7935871743487,0.8007984116026602,0.6412780960253436,True
36.97394789579159,0.7989090697591517,0.638255701743433,True
37.15430861723447,0.7970118113711716,0.635227827465156,True
37.33466933867736,0.7951066552390202,0.6321945932053822,True
37.515030060120246,0.7931936202412581,0.6291561191914331,True
37.69539078156313,0.791272725334519,0.6261125258583171,True
37.875751503006015,0.7893439895533219,0.6230639338439546,True
38.0561122244489,0.7874074320098828,0.6200104639843983,True
38.236472945891784,0.785463071893925,0.6169522373090411,True
38.41683366733467,0.7835109284724885,0.613889375035821,True
38.59719438877756,0.7815510210897405,0.6108219985664161,True
38.77755511022044,0.779583369166782,0.607750229481431,True
38.95791583166333,0.7776079922014563,0.60467418953558,True
39.138276553106216,0.7756249097681559,0.60159400065286,True
39.318637274549104,0.7736341415176282,0.5985097849217176,True
39.498997995991985,0.771635707176781,0.5954216645902108,True
39.67935871743487,0.7696296265484861,0.5923297620611622,True
39.85971943887776,0.7676159195113847,0.5892341998873087,True
40.04008016032064,0.7655946060196894,0.5861351007664435,True
40.22044088176353,0.7635657061029862,0.583032587536552,True
40.40080160320642,0.7615292398660369,0.579926783170944,True
40.5811623246493,0.7594852274885793,0.576817810773379,True
40.76152304609219,0.7574336892251273,0.5737057935731867,True
40.941883767535074,0.7553746454047702,0.5705908549203823,True
41.12224448897796,0.7533081164309715,0.5674731182807782,True
41.30260521042084,0.7512341227813665,0.5643527072310892,True
41.48296593186373,0.749152685007559,0.561229745454035,True
41.66332665330662,0.7470638237349191,0.5581043567334383,True
41.8436873747495,0.7449675596623765,0.5549766649493165,True
42.02404809619239,0.7428639135622176,0.5518467940729739,True
42.204408817635276,0.7407529062798782,0.548714868162086,True
42.38476953907816,0.738634558733738,0.5455810113557837,True
42.565130260521045,0.7365088919149123,0.542445347869732,True
42.74549098196393,0.7343759268870447,0.539308001991206,True
42.92585170340681,0.7322356847860982,0.5361690980741662,True
43.1062124248497,0.7300881868201455,0.5330287605343277,True
43.28657314629259,0.7279334542691596,0.5298871138442306,True
43.46693386773548,0.7257715084848018,0.5267442825283046,True
43.64729458917836,0.723602370890211,0.5236003911579344,True
43.827655310621246,0.7214260629797911,0.5204555643465214,True
44.008016032064134,0.719242606318998,0.517309926744545,True
44.188376753507015,0.7170520225441261,0.5141636030346219,True
44.3687374749499,0.7148543333620937,0.5110167179265633,True
44.54909819639279,0.7126495605502278,0.5078693961524328,True
44.72945891783567,0.7104377259560488,0.5047217624616019,True
44.90981963927856,0.708218851497053,0.5015739416158048,True
45.09018036072145,0.7059929591604969,0.498426058384195,False
45.270541082164335,0.703760071003178,0.49527823753839806,False
45.450901803607216,0.7015202091512168,0.492130603847567,False
45.631262525050104,0.6992733957998377,0.4889832820734365,False
45.81162324649299,0.6970196532131486,0.48583639696537795,False
45.99198396793587,0.6947590037239207,0.48269007325545493,False
46.17234468937876,0.6924914697333668,0.47954443565347854,False
46.35270541082165,0.6902170737109199,0.47639960884206545,False
46.53306613226453,0.6879358381940102,0.4732557174716953,False
46.71342685370742,0.6856477857878411,0.4701128861557693,False
46.893787575150306,0.6833529391651668,0.4669712394656722,False
47.07414829659319,0.6810513210660661,0.4638309019258339,False
47.254509018036075,0.6787429542977178,0.46069199800879385,False
47.43486973947896,0.6764278617341749,0.457554652130268,False
47.61523046092185,0.6741060663161369,0.454418988644216,False
47.79559118236473,0.6717775910507241,0.4512851318379139,False
47.97595190380762,0.6694424590112477,0.448153205927026,False
48.15631262525051,0.667100693336983,0.44502333505068337,False
48.33667334669339,0.6647523172329388,0.4418956432665617,False
48.517034068136276,0.6623973539696281,0.43877025454596474,False
48.697394789579164,0.6600358268828374,0.43564729276891084,False
48.877755511022045,0.6576677593733951,0.4325268817192219,False
49.05811623246493,0.6552931749069401,0.4294091450796175,False
49.23847695390782,0.6529120970136894,0.4262942064268133,False
49.41883767535071,0.6505245492882038,0.4231821892266207,False
49.59919839679359,0.6481305553891561,0.42007321682905596,False
49.77955911823648,0.6457301390390943,0.416967412463448,False
49.959919839679365,0.6433233240242082,0.4138648992335564,False
50.140280561122246,0.6409101341940937,0.4107658001126912,False
50.320641282565134,0.638490593461515,0.40767023793883767,False
50.50100200400802,0.6360647258021696,0.40457833540978916,False
50.6813627254509,0.6336325552544488,0.40149021507828214,False
50.86172344689379,0.6311941059192012,0.3984059993471398,False
51.04208416833668,0.6287494019594928,0.39532581046441984,False
51.22244488977956,0.6262984676003678,0.3922497705185689,False
51.40280561122245,0.6238413271286088,0.38917800143358394,False
51.583166332665336,0.6213780048924961,0.38611062496417886,False
51.76352705410822,0.6189085253015657,0.3830477626909588,False
51.943887775551104,0.6164329128263689,0.37998953601560176,False
52.12424849699399,0.6139511919982281,0.3769360661560452,False
52.30460921843688,0.6114633874089951,0.37388747414168283,False
52.48496993987976,0.6089695237108067,0.3708438808085668,False
52.66533066132265,0.6064696256158405,0.36780540679461776,False
52.84569138276554,0.6039637178960702,0.36477217253484384,False
53.02605210420842,0.60145182538302,0.3617442982565668,False
53.206412825651306,0.5989339729675186,0.3587219039746563,False
53.386773547094194,0.5964101855994525,0.35570510948677336,False
53.56713426853708,0.5938804882875188,0.3526940343686218,False
53.74749498997996,0.5913449060989774,0.3496887979692084,False
53.92785571142285,0.5888034641594024,0.3466895194061127,False
54.10821643286574,0.5862561876524337,0.3436963175607656,False
54.28857715430862,0.5837031018195267,0.3407093110737367,False
54.46893787575151,0.5811442319597027,0.3377286183400327,False
54.649298597194395,0.5785796034292978,0.3347543575044035,False
54.829659318637276,0.5760092416417124,0.3317866464566606,False
55.010020040080164,0.5734331720671584,0.3288256028270033,False
55.19038076152305,0.5708514202324072,0.32587134398135637,False
55.37074148296593,0.5682640117205373,0.322923987016719,False
55.55110220440882,0.5656709721706799,0.3199836487565221,False
55.73146292585171,0.5630723272777651,0.31705044574599867,False
55.9118236472946,0.5604681027922682,0.31412449424756456,False
56.09218436873748,0.557858324519953,0.3112059102362092,False
56.272545090180365,0.555243018321617,0.30829480939489956,False
56.45290581162325,0.5526222101128352,0.30539130710999457,False
56.633266533066134,0.549995925863703,0.30249551846667194,False
56.81362725450902,0.5473641915985789,0.29960755824436575,False
56.99398797595191,0.5447270333958264,0.29672754091221776,False
57.17434869739479,0.5420844773875567,0.2938555806245405,False
57.35470941883768,0.5394365497593678,0.29099179121629093,False
57.53507014028057,0.5367832767500869,0.28813628619856035,False
57.71543086172345,0.5341246846515094,0.2852891787540744,False
57.895791583166336,0.5314607998081383,0.2824505817327061,False
58.076152304609224,0.5287916486169237,0.27962060764700414,False
58.25651302605211,0.5261172575270014,0.27679936866773314,False
58.43687374749499,0.5234376530394294,0.273986976619426,False
58.61723446893788,0.5207528617069269,0.27118354297595376,False
58.79759519038077,0.5180629101336106,0.2683891788561055,False
58.97795591182365,0.5153678249747305,0.2656039950191845,False
59.15831663326654,0.512667632936407,0.2628281018606186,False
59.338677354709425,0.5099623607753649,0.2600616094075835,False
59.519038076152306,0.5072520352986696,0.2573046273146427,False
59.699398797595194,0.5045366833634598,0.2545572648594001,False
59.87975951903808,0.5018163318766834,0.25181963093816967,False
60.06012024048097,0.4990910077948291,0.2490918340616582,False
60.24048096192385,0.4963607381236607,0.2463739823506653,False
60.42084168336674,0.4936255499179478,0.2436661835317964,False
60.60120240480963,0.49088547028119967,0.24096854493319456,False
60.78156312625251,0.4881405263653954,0.23828117348028527,False
60.961923847695395,0.4853907453707147,0.235604175691538,False
61.14228456913828,0.4826361545452694,0.23293765767424518,False
61.322645290581164,0.47987678118483296,0.23028172512031606,False
61.50300601202405,0.4771126526325692,0.22763648330208663,False
61.68336673346694,0.4743437962787627,0.22500203706814834,False
61.86372745490982,0.4715702395605467,0.22237849083919142,False
62.04408817635271,0.4687920099616308,0.21976594860386572,False
62.2244488977956,0.4660091350120297,0.2171645139146601,False
62.404809619238485,0.46322164228778895,0.21457428988379632,False
62.585170340681366,0.4604295594107134,0.21199537917914366,False
62.76553106212425,0.4576329140480923,0.20942788402014864,False
62.94589178356714,0.4548317339124251,0.20687190617378307,False
63.12625250501002,0.45202604676114777,0.20432754695051136,False
63.30661322645291,0.44921588039635657,0.20179490720027374,False
63.4869739478958,0.44640126266453356,0.1992740873084899,False
63.66733466933868,0.44358222145627046,0.19676518719207978,False
63.84769539078157,0.44075878470599134,0.19426830629550243,False
64.02805611222445,0.4379309803916773,0.19178354358681568,False
64.20841683366734,0.43509883653458764,0.1893109975537518,False
64.38877755511022,0.43226238119898436,0.18685076619981605,False
64.5691382765531,0.42942164249185144,0.18440294704039947,False
64.749498997996,0.4265766485626177,0.18196763709891503,False
64.92985971943888,0.423727427602879,0.17954493290295306,False
65.11022044088178,0.4208740078461163,0.17713493048045276,False
65.29058116232466,0.41801641756741786,0.17473772535589785,False
65.47094188376754,0.4151546850831987,0.1723534125465299,False
65.65130260521043,0.41228883875091893,0.16998208655858124,False
65.83166332665331,0.4094189069688045,0.1676238413835306,False
66.0120240480962,0.40654491817556404,0.16527877049437606,False
66.19238476953909,0.4036669008501086,0.1629469668419314,False
66.37274549098197,0.40078488351126845,0.16062852285114101,False
66.55310621242485,0.3978988947175105,0.1583235304174165,False
66.73346693386775,0.395008963066656,0.1560320809029948,False
66.91382765531063,0.3921151171955967,0.15375426513331655,False
67.09418837675351,0.3892173857800108,0.15149017339342577,False
67.2745490981964,0.38631579753407885,0.1492398954243914,False
67.45490981963928,0.38341038121020077,0.14700352041975148,False
67.63527054108216,0.3805011655987084,0.1447811370219757,False
67.81563126252506,0.37758817952758134,0.14257283331895299,False
67.99599198396794,0.3746714518621628,0.14037869684050094,False
68.17635270541082,0.37175101150487083,0.1381988145548946,False
68.35671342685372,0.36882688739491326,0.13603327286542002,False
68.5370741482966,0.36589910850800234,0.13388215760695088,False
68.71743486973948,0.3629677038560647,0.13174555404254387,False
68.89779559118237,0.36003270248695585,0.12962354686006086,False
69.07815631262525,0.357094133484172,0.12751622016881167,False
69.25851703406815,0.35415202596656187,0.1254236574962203,False
69.43887775551103,0.3512064090880379,0.12334594178451423,False
69.61923847695391,0.348257312037287,0.12128315538743628,False
69.7995991983968,0.3453047640374824,0.1192353800669814,False
69.97995991983969,0.3423487943459934,0.11720269699015529,False
70.16032064128257,0.3393894322540949,0.11518518672575688,False
70.34068136272546,0.3364267070866784,0.1131829292411857,False
70.52104208416834,0.33346064820196075,0.11119600389927183,False
70.70140280561122,0.3304912849911928,0.10922448945512982,False
70.88176352705412,0.32751864687836846,0.10726846405303742,False
71.062124248497,0.3245427633199344,0.10532800522333897,False
71.24248496993988,0.3215636638044961,0.10340318987937099,False
71.42284569138278,0.31858137785252616,0.10149409431441404,False
71.60320641282566,0.31559593501607375,0.09960079419866984,False
71.78356713426854,0.3126073648784688,0.09772336457626013,False
71.96392785571143,0.3096156970540304,0.09586187986225314,False
72.14428857715431,0.3066209611877744,0.09401641383971464,False
72.3246492985972,0.3036231869551172,0.09218703965678204,False
72.50501002004009,0.3006224040615832,0.0903738298237658,False
72.68537074148297,0.2976186422425106,0.08857685621027553,False
72.86573146292585,0.2946119312627564,0.08679619004237112,False
73.04609218436875,0.29160230091640077,0.08503190189973915,False
73.22645290581163,0.288589781026453,0.0832840617128961,False
73.40681362725451,0.2855744014445555,0.08155273876041613,False
73.5871743486974,0.28255619205068716,0.07983800166618481,False
73.76753507014028,0.27953518275286915,0.07813991839667996,False
73.94789579158318,0.27651140348686604,0.07645855625827642,False
74.12825651302606,0.2734848842158923,0.07479398189458002,False
74.30861723446894,0.2704556549303122,0.07314626128378411,False
74.48897795591184,0.2674237456473441,0.0715154597360554,False
74.66933867735472,0.2643891864107643,0.06990164189094587,False
74.8496993987976,0.2613520072906067,0.06830487171482934,False
75.03006012024049,0.2583122383828661,0.06672521249836665,False
75.21042084168337,0.2552699098092014,0.06516272685399781,False
75.39078156312625,0.25222505171663423,0.06361747671345881,False
75.57114228456915,0.24917769427725212,0.062089523325327724,False
75.75150300601203,0.24612786768790948,0.06057892725259707,False
75.93186372745491,0.243075602169928,0.059085748370273104,False
76.1122244488978,0.2400209279687965,0.0576100458630022,False
76.29258517034069,0.23696387535387267,0.0561518782227257,False
76.47294589178357,0.2339044746180822,0.05471130324636106,False
76.65330661322646,0.23084275607761823,0.05328837803351075,False
76.83366733466934,0.2277787500716421,0.0518831589841996,False
77.01402805611222,0.2247124869619821,0.050495701796638974,False
77.19438877755512,0.22164399713283187,0.04912606146501878,False
77.374749498998,0.21857331099045102,0.04777429227732841,False
77.55511022044088,0.21550045896286193,0.04644044781320414,False
77.73547094188378,0.2124254714995498,0.04512458094180604,False
77.91583166332666,0.20934837907116027,0.043826743819722215,False
78.09619238476955,0.20626921216919666,0.04254698788890107,False
78.27655310621243,0.20318800130572015,0.04128536387461333,False
78.45691382765531,0.20010477701304458,0.04004192178344029,False
78.63727454909821,0.19701956984343533,0.03881671090129229,False
78.81763527054109,0.19393241036880773,0.03760977979145565,False
78.99799599198397,0.1908433291804216,0.03642117629266676,False
79.17835671342687,0.18775235688857964,0.03525094751721658,False
79.35871743486975,0.18465952412232423,0.03409913984908324,False
79.53907815631263,0.1815648615291336,0.032965798942093456,False
79.71943887775552,0.17846839977461743,0.031850969718112666,False
79.8997995991984,0.17537016954221424,0.030754696365264966,False
80.08016032064128,0.1722702015328868,0.029677022336181434,False
80.26052104208418,0.16916852646481723,0.028617990346277565,False
80.44088176352706,0.16606517507310395,0.027577642372060666,False
80.62124248496994,0.16296017810945568,0.026556019649465516,False
80.80160320641284,0.15985356634188802,0.025553162672220395,False
80.98196392785572,0.15674537055441792,0.024569111190241785,False
81.1623246492986,0.15363562154675814,0.023603904208058694,False
81.34268537074149,0.1505243501340132,0.022657579983266996,False
81.52304609218437,0.1474115871463734,0.02173017602501284,False
81.70340681362725,0.14429736342880894,0.020821729092505768,False
81.88376753507015,0.14118170984076447,0.01993227519356181,False
82.06412825651303,0.13806465725585482,0.019061849583176665,False
82.24448897795592,0.13494623656155616,0.018210486762127477,False
82.4248496993988,0.13182647865890243,0.017378220475606058,False
82.60521042084169,0.12870541446217826,0.016565083711881083,False
82.78557114228458,0.1255830748986119,0.015771108700990365,False
82.96593186372746,0.12245949090807011,0.014996326913463707,False
83.14629258517034,0.11933469344275097,0.01424076905907535,False
83.32665330661324,0.11620871346687639,0.013504465085626577,False
83.50701402805612,0.1130815819563867,0.012787444177759004,False
83.687374749499,0.10995332989863303,0.012089734755797629,False
83.8677354709419,0.10682398829206953,0.011411364474624208,False
84.04809619238478,0.10369358814594781,0.010752360222581449,False
84.22845691382766,0.10056216048000784,0.01011274812040685,False
84.40881763527055,0.09742973632417216,0.009492553520197712,False
84.58917835671343,0.09429634671823775,0.008891801004406107,False
84.76953907815631,0.09116202271156772,0.008310514384864388,False
84.94989979959921,0.088026795362785,0.007748716701841627,False
85.13026052104209,0.08489069573946394,0.007206430223130241,False
85.31062124248497,0.08175375491782197,0.0066836764431633,False
85.49098196392787,0.07861600398241188,0.0061804760821626,False
85.67134268537075,0.0754774740258154,0.005696849085317638,False
85.85170340681363,0.07233819614833237,0.005232814621994607,False
86.03206412825652,0.06919820145767393,0.004788391084976826,False
86.2124248496994,0.06605752106865559,0.004363596089735877,False
86.3927855711423,0.06291618610288603,0.0039584464737329895,False
86.57314629258518,0.05977422768846117,0.0035729582957519978,False
86.75350701402806,0.05663167695965474,0.00320714683526269,False
86.93386773547095,0.05348856505660922,0.002861026591815117,False
87.11422845691384,0.05034492312502874,0.0025346112844650535,False
87.29458917835672,0.04720078231586868,0.0022279138512300216,False
87.47494989979961,0.04405617378502861,0.001940946448576642,False
87.65531062124249,0.04091112869304279,0.001673720450938709,False
87.83567134268537,0.03776567820477081,0.001426246450266301,False
88.01603206412827,0.03461985348909007,0.0011985342556060622,False
88.19639278557115,0.031473685718586275,0.0009905928927123418,False
88.37675350701403,0.028327206069244066,0.0008024306036894178,False
88.55711422845692,0.02518044572013833,0.0006340548466648328,False
88.7374749498998,0.02203343585312681,0.0004854722954938539,False
88.91783567134269,0.018886207652538418,0.0003566888394948007,False
89.09819639278558,0.01573879230486559,0.00024770958321569626,False
89.27855711422846,0.012591220998456566,0.00015853884623197355,False
89.45891783567134,0.009443524923203678,8.918016297516904e-05,False
89.63927855711424,0.006295735270235619,3.963628259288876e-05,False
89.81963927855712,0.003147883231609692,9.909168839849478e-06,False
90.0,6.123233995736766e-17,3.749399456654644e-33,False
