feature,peak_residue,lane_mass_ratio,activation_count,dead,valid_peak,hidden_dim,topk
0,1,0.36853158473968506,0,1,1,8,1
1,5,0.09022684395313263,0,1,0,8,1
2,17,0.3817536234855652,0,1,1,8,1
3,25,0.22368814051151276,0,1,0,8,1
4,22,0.2825547456741333,0,1,0,8,1
5,18,0.39997613430023193,0,1,0,8,1
6,20,0.2545851171016693,0,1,0,8,1
7,11,0.9999999403953552,600,0,1,8,1
0,23,0.670799970626831,0,1,1,8,2
1,6,0.32109662890434265,0,1,0,8,2
2,18,0.20182083547115326,0,1,0,8,2
3,19,0.9127082824707031,600,0,1,8,2
4,1,0.6607052087783813,600,0,1,8,2
5,29,0.3243982791900635,0,1,1,8,2
6,26,0.19987623393535614,0,1,0,8,2
7,21,0.23093870282173157,0,1,0,8,2
0,2,0.5090478658676147,0,1,0,8,4
1,7,0.2531452178955078,0,1,1,8,4
2,17,0.8971773386001587,600,0,1,8,4
3,13,0.6422985196113586,600,0,1,8,4
4,9,0.20749999582767487,0,1,0,8,4
5,7,0.572504460811615,600,0,1,8,4
6,25,0.16176098585128784,0,1,0,8,4
7,29,0.7409808039665222,600,0,1,8,4
0,27,0.22236448526382446,0,1,0,12,1
1,11,0.41431185603141785,0,1,1,12,1
2,15,0.2654973268508911,0,1,0,12,1
3,22,0.11361228674650192,0,1,0,12,1
4,4,0.25512754917144775,0,1,0,12,1
5,14,0.2048320174217224,0,1,0,12,1
6,18,0.1334550827741623,0,1,0,12,1
7,15,0.270724356174469,0,1,0,12,1
8,28,0.32468941807746887,0,1,0,12,1
9,5,0.24668164551258087,0,1,0,12,1
10,22,0.34400463104248047,0,1,0,12,1
11,11,1.0000001192092896,600,0,1,12,1
0,1,0.5801688432693481,597,0,1,12,2
1,23,0.36237311363220215,0,1,1,12,2
2,10,0.21276062726974487,0,1,0,12,2
3,29,0.19035159051418304,0,1,1,12,2
4,9,0.3437798321247101,0,1,0,12,2
5,19,1.0,600,0,1,12,2
6,1,0.4797080457210541,0,1,1,12,2
7,22,0.09995345026254654,0,1,0,12,2
8,15,0.1613244265317917,0,1,0,12,2
9,1,0.6339771747589111,0,1,1,12,2
10,24,0.19945955276489258,0,1,0,12,2
11,8,0.18778499960899353,0,1,0,12,2
0,8,0.5052252411842346,0,1,0,12,4
1,25,0.4196992814540863,0,1,0,12,4
2,17,0.8561239838600159,600,0,1,12,4
3,23,0.40996459126472473,0,1,1,12,4
4,16,0.19670340418815613,0,1,0,12,4
5,1,0.8550349473953247,600,0,1,12,4
6,29,0.7678358554840088,600,0,1,12,4
7,23,0.3446403443813324,0,1,1,12,4
8,6,0.25089535117149353,0,1,0,12,4
9,20,0.24427831172943115,0,1,0,12,4
10,0,0.22538559138774872,0,1,0,12,4
11,1,0.32011276483535767,0,1,1,12,4
0,0,0.3802821636199951,0,1,0,16,1
1,17,0.2562425136566162,0,1,1,16,1
2,3,0.38560178875923157,0,1,0,16,1
3,20,0.27341434359550476,0,1,0,16,1
4,13,0.37064996361732483,0,1,1,16,1
5,27,0.20069269835948944,0,1,0,16,1
6,18,0.3475332260131836,0,1,0,16,1
7,9,0.23871052265167236,0,1,0,16,1
8,25,0.2538112699985504,0,1,0,16,1
9,10,0.23569247126579285,0,1,0,16,1
10,16,0.19060024619102478,0,1,0,16,1
11,14,0.3599144518375397,0,1,0,16,1
12,29,0.15431801974773407,0,1,1,16,1
13,5,0.24102599918842316,0,1,0,16,1
14,3,0.3052710294723511,0,1,0,16,1
15,23,1.0,600,0,1,16,1
0,17,0.932988703250885,600,0,1,16,2
1,25,0.23423467576503754,0,1,0,16,2
2,5,0.11799575388431549,0,1,0,16,2
3,29,0.2778399884700775,0,1,1,16,2
4,17,0.40301287174224854,0,1,1,16,2
5,23,0.3342045545578003,0,1,1,16,2
6,29,0.27774474024772644,0,1,1,16,2
7,15,0.30429795384407043,0,1,0,16,2
8,28,0.35199421644210815,0,1,0,16,2
9,11,0.2564731240272522,0,1,1,16,2
10,12,0.19118396937847137,0,1,0,16,2
11,25,0.28275635838508606,0,1,0,16,2
12,15,0.38990792632102966,0,1,0,16,2
13,19,0.29484304785728455,0,1,1,16,2
14,13,0.8179599046707153,600,0,1,16,2
15,14,0.23118805885314941,0,1,0,16,2
0,17,0.4197537899017334,0,1,1,16,4
1,21,0.217653289437294,0,1,0,16,4
2,7,0.4149142801761627,0,1,1,16,4
3,21,0.23464883863925934,0,1,0,16,4
4,13,0.24455595016479492,0,1,1,16,4
5,19,0.950068473815918,600,0,1,16,4
6,1,0.8086113333702087,600,0,1,16,4
7,21,0.08536463975906372,0,1,0,16,4
8,4,0.15374955534934998,0,1,0,16,4
9,11,0.6040670871734619,0,1,1,16,4
10,29,0.7062823176383972,598,0,1,16,4
11,10,0.28580424189567566,0,1,0,16,4
12,27,0.2000362128019333,0,1,0,16,4
13,13,0.24983075261116028,0,1,1,16,4
14,7,0.48445966839790344,0,1,1,16,4
15,25,0.4808241128921509,0,1,0,16,4
0,1,0.6295439600944519,0,1,1,24,1
1,22,0.14593590795993805,0,1,0,24,1
2,13,0.23171311616897583,0,1,1,24,1
3,13,0.5721820592880249,0,1,1,24,1
4,13,0.36286431550979614,0,1,1,24,1
5,4,0.1859719157218933,0,1,0,24,1
6,21,0.16986684501171112,0,1,0,24,1
7,6,0.3994913697242737,0,1,0,24,1
8,6,0.24276217818260193,0,1,0,24,1
9,23,0.23864620923995972,0,1,1,24,1
10,29,0.2969433665275574,0,1,1,24,1
11,19,0.1469651311635971,0,1,1,24,1
12,3,0.16373741626739502,0,1,0,24,1
13,14,0.17715641856193542,0,1,0,24,1
14,16,0.414734810590744,0,1,0,24,1
15,20,0.3163328170776367,0,1,0,24,1
16,25,0.23321329057216644,0,1,0,24,1
17,0,0.09018634259700775,0,1,0,24,1
18,14,0.038065627217292786,0,1,0,24,1
19,1,0.2385513335466385,0,1,1,24,1
20,0,0.27199849486351013,0,1,0,24,1
21,11,1.0,600,0,1,24,1
22,7,0.39232122898101807,0,1,1,24,1
23,23,0.22939558327198029,0,1,1,24,1
0,20,0.33601275086402893,0,1,0,24,2
1,15,0.2054443210363388,0,1,0,24,2
2,19,0.43963712453842163,0,1,1,24,2
3,12,0.38970860838890076,0,1,0,24,2
4,26,0.2551802098751068,0,1,0,24,2
5,17,0.47739699482917786,0,1,1,24,2
6,11,0.44300997257232666,0,1,1,24,2
7,9,0.3056616187095642,0,1,0,24,2
8,11,0.803150475025177,600,0,1,24,2
9,4,0.3056561052799225,0,1,0,24,2
10,19,0.27638283371925354,0,1,1,24,2
11,28,0.13136033713817596,0,1,0,24,2
12,8,0.21322046220302582,0,1,0,24,2
13,19,0.6078675389289856,0,1,1,24,2
14,24,0.1246800497174263,0,1,0,24,2
15,23,0.3181522488594055,0,1,1,24,2
16,28,0.32465115189552307,0,1,0,24,2
17,24,0.29086410999298096,0,1,0,24,2
18,25,0.3133687973022461,0,1,0,24,2
19,13,0.2912246286869049,0,1,1,24,2
20,14,0.11817892640829086,0,1,0,24,2
21,7,0.47736304998397827,0,1,1,24,2
22,25,0.19576390087604523,0,1,0,24,2
23,17,0.8851417303085327,600,0,1,24,2
0,24,0.32157188653945923,0,1,0,24,4
1,26,0.07963354885578156,0,1,0,24,4
2,3,0.20282405614852905,0,1,0,24,4
3,17,0.45805758237838745,0,1,1,24,4
4,13,0.7085666060447693,526,0,1,24,4
5,1,0.4177044630050659,0,1,1,24,4
6,3,0.26583704352378845,0,1,0,24,4
7,18,0.12223730236291885,0,1,0,24,4
8,13,0.19527152180671692,0,1,1,24,4
9,17,0.9466907382011414,600,0,1,24,4
10,29,0.5478260517120361,0,1,1,24,4
11,23,0.23322239518165588,0,1,1,24,4
12,13,0.46819236874580383,157,0,1,24,4
13,13,0.3025083541870117,0,1,1,24,4
14,29,0.41711941361427307,0,1,1,24,4
15,13,0.500747799873352,0,1,1,24,4
16,11,0.4776553809642792,0,1,1,24,4
17,2,0.31422218680381775,0,1,0,24,4
18,29,0.7169764041900635,1,0,1,24,4
19,16,0.09744297713041306,0,1,0,24,4
20,29,0.8674421310424805,600,0,1,24,4
21,0,0.306254506111145,0,1,0,24,4
22,1,0.6221771836280823,490,0,1,24,4
23,11,0.2644970715045929,0,1,1,24,4
0,11,0.2812478244304657,0,1,1,32,1
1,8,0.21548046171665192,0,1,0,32,1
2,1,0.3749285340309143,0,1,1,32,1
3,29,0.35569483041763306,0,1,1,32,1
4,16,0.15485744178295135,0,1,0,32,1
5,19,0.3251552879810333,0,1,1,32,1
6,10,0.3662690222263336,0,1,0,32,1
7,14,0.16511620581150055,0,1,0,32,1
8,14,0.20165152847766876,0,1,0,32,1
9,21,0.3500847816467285,0,1,0,32,1
10,20,0.11915689706802368,0,1,0,32,1
11,4,0.39041364192962646,0,1,0,32,1
12,14,0.12280868738889694,0,1,0,32,1
13,16,0.2399909645318985,0,1,0,32,1
14,15,0.3778976798057556,0,1,0,32,1
15,12,0.2644839584827423,0,1,0,32,1
16,4,0.21799533069133759,0,1,0,32,1
17,29,0.29078370332717896,0,1,1,32,1
18,6,0.38793835043907166,0,1,0,32,1
19,10,0.20386938750743866,0,1,0,32,1
20,7,0.32447752356529236,0,1,1,32,1
21,18,0.11472104489803314,0,1,0,32,1
22,18,0.17595461010932922,0,1,0,32,1
23,20,0.3111087381839752,0,1,0,32,1
24,23,0.22584567964076996,0,1,1,32,1
25,5,0.128983736038208,0,1,0,32,1
26,7,1.0,600,0,1,32,1
27,5,0.17119815945625305,0,1,0,32,1
28,3,0.37580442428588867,0,1,0,32,1
29,9,0.19956687092781067,0,1,0,32,1
30,21,0.24696792662143707,0,1,0,32,1
31,17,0.37083175778388977,0,1,1,32,1
0,7,0.9971282482147217,230,0,1,32,2
1,19,0.5794928669929504,0,1,1,32,2
2,6,0.1675301045179367,0,1,0,32,2
3,28,0.2883506715297699,0,1,0,32,2
4,20,0.19320955872535706,0,1,0,32,2
5,29,0.6111260056495667,0,1,1,32,2
6,19,0.27068832516670227,0,1,1,32,2
7,23,0.20557811856269836,0,1,1,32,2
8,10,0.34363874793052673,0,1,0,32,2
9,5,0.22639866173267365,0,1,0,32,2
10,22,0.2417132705450058,0,1,0,32,2
11,16,0.2573603093624115,0,1,0,32,2
12,24,0.1439913958311081,0,1,0,32,2
13,1,0.3106362223625183,0,1,1,32,2
14,22,0.2023281753063202,0,1,0,32,2
15,14,0.14669868350028992,0,1,0,32,2
16,24,0.45965203642845154,0,1,0,32,2
17,28,0.3353070616722107,0,1,0,32,2
18,7,0.6200957298278809,0,1,1,32,2
19,7,1.0,370,0,1,32,2
20,22,0.2650952935218811,0,1,0,32,2
21,6,0.36744871735572815,0,1,0,32,2
22,6,0.11926949769258499,0,1,0,32,2
23,17,0.9935412406921387,600,0,1,32,2
24,3,0.13561193645000458,0,1,0,32,2
25,22,0.11564560234546661,0,1,0,32,2
26,12,0.45332807302474976,0,1,0,32,2
27,0,0.22054582834243774,0,1,0,32,2
28,22,0.39493006467819214,0,1,0,32,2
29,23,0.27365952730178833,0,1,1,32,2
30,9,0.11936470121145248,0,1,0,32,2
31,9,0.12812216579914093,0,1,0,32,2
0,1,0.2743188738822937,0,1,1,32,4
1,23,0.31863269209861755,0,1,1,32,4
2,21,0.30383992195129395,0,1,0,32,4
3,7,0.30522096157073975,0,1,1,32,4
4,29,0.30085691809654236,0,1,1,32,4
5,21,0.17840105295181274,0,1,0,32,4
6,11,0.608802855014801,75,0,1,32,4
7,26,0.30512070655822754,0,1,0,32,4
8,12,0.10109677910804749,0,1,0,32,4
9,1,0.47472596168518066,0,1,1,32,4
10,11,0.37395450472831726,0,1,1,32,4
11,29,0.21245305240154266,0,1,1,32,4
12,13,1.0,600,0,1,32,4
13,7,0.5986036658287048,0,1,1,32,4
14,7,0.645039439201355,34,0,1,32,4
15,23,0.6898230910301208,24,0,1,32,4
16,21,0.2794109284877777,0,1,0,32,4
17,11,0.24900440871715546,0,1,1,32,4
18,1,0.8963001370429993,600,0,1,32,4
19,7,0.8484246730804443,0,1,1,32,4
20,1,0.7033907771110535,62,0,1,32,4
21,19,0.6986711621284485,555,0,1,32,4
22,29,0.36912643909454346,0,1,1,32,4
23,7,0.23273001611232758,0,1,1,32,4
24,17,0.3822840750217438,0,1,1,32,4
25,18,0.48551878333091736,0,1,0,32,4
26,12,0.28324902057647705,0,1,0,32,4
27,1,0.5385059118270874,450,0,1,32,4
28,7,0.2768740653991699,0,1,1,32,4
29,21,0.19962088763713837,0,1,0,32,4
30,23,0.6606909036636353,0,1,1,32,4
31,19,0.74095219373703,0,1,1,32,4
